Export-URL;Impressionen;HTTP-Status;Finale Live-URL;Zugeordnete Projekt-URL;Mögliche Zielseite (ungeprüfte Inhaltsentscheidung);Zuordnung;Zeitraum
https://www.powertech-performance.com/adblue-deaktivieren-vor-nachteile-wahrheit/;6095;404;https://www.powertech-performance.com/adblue-deaktivieren-vor-nachteile-wahrheit/;;https://powertech-performance.com/blog/adblue-deaktivieren-vor-nachteile-wahrheit/;"keine Messwertübertragung; 404 / Inhaltszuordnung zu prüfen";unbekannt
https://www.powertech-performance.com/;130;200;https://www.powertech-performance.com/;https://powertech-performance.com/;;belegt durch identisches Live-Endziel;unbekannt
https://www.powertech-performance.com/auto-selber-waschen-erfurt/;48;404;https://www.powertech-performance.com/auto-selber-waschen-erfurt/;;https://powertech-performance.com/blog/auto-selber-waschen-erfurt/;"keine Messwertübertragung; 404 / Inhaltszuordnung zu prüfen";unbekannt
https://www.powertech-performance.com/chiptuning-raum-erfurt/;47;404;https://www.powertech-performance.com/chiptuning-raum-erfurt/;;https://powertech-performance.com/blog/chiptuning-raum-erfurt/;"keine Messwertübertragung; 404 / Inhaltszuordnung zu prüfen";unbekannt
https://www.powertech-performance.com/softwareoptimierung-dpf-off-erfurt/;33;404;https://www.powertech-performance.com/softwareoptimierung-dpf-off-erfurt/;;https://powertech-performance.com/blog/softwareoptimierung-dpf-off-erfurt/;"keine Messwertübertragung; 404 / Inhaltszuordnung zu prüfen";unbekannt
https://www.powertech-performance.com/adblue-deaktivierung/;22;404;https://www.powertech-performance.com/adblue-deaktivierung/;;https://powertech-performance.com/blog/adblue-deaktivierung/;"keine Messwertübertragung; 404 / Inhaltszuordnung zu prüfen";unbekannt
https://www.powertech-performance.com/adblue-deaktivieren/;21;404;https://www.powertech-performance.com/adblue-deaktivieren/;;https://powertech-performance.com/adblue-service;"keine Messwertübertragung; 404 / Inhaltszuordnung zu prüfen";unbekannt
https://www.powertech-performance.com/chiptuning/;17;404;https://www.powertech-performance.com/chiptuning/;;https://powertech-performance.com/chiptuning;"keine Messwertübertragung; 404 / Inhaltszuordnung zu prüfen";unbekannt
https://www.powertech-performance.com/blog/wie-oft-auto-aufbereiten-lassen.html;9;200;https://www.powertech-performance.com/blog/wie-oft-auto-aufbereiten-lassen.html;https://powertech-performance.com/blog/wie-oft-auto-aufbereiten-lassen.html;;belegt durch identisches Live-Endziel;unbekannt
https://www.powertech-performance.com/nordhausen/;8;404;https://www.powertech-performance.com/nordhausen/;;https://powertech-performance.com/nordhausen;"keine Messwertübertragung; 404 / Inhaltszuordnung zu prüfen";unbekannt
https://www.powertech-performance.com/blog/adblue-deaktivieren-vor-nachteile-wahrheit/;7;200;https://www.powertech-performance.com/blog/adblue-deaktivieren-vor-nachteile-wahrheit/;https://powertech-performance.com/blog/adblue-deaktivieren-vor-nachteile-wahrheit/;;belegt durch identisches Live-Endziel;unbekannt
https://www.powertech-performance.com/blog/wie-lange-dauert-adblue-off/;6;200;https://www.powertech-performance.com/blog/wie-lange-dauert-adblue-off/;https://powertech-performance.com/blog/wie-lange-dauert-adblue-off/;;belegt durch identisches Live-Endziel;unbekannt
https://www.powertech-performance.com/blog/boot-aufbereitung-keramikversiegelung-marine/;4;200;https://www.powertech-performance.com/blog/boot-aufbereitung-keramikversiegelung-marine/;https://powertech-performance.com/blog/boot-aufbereitung-keramikversiegelung-marine/;;belegt durch identisches Live-Endziel;unbekannt
https://www.powertech-performance.com/gotha/;4;404;https://www.powertech-performance.com/gotha/;;https://powertech-performance.com/gotha;"keine Messwertübertragung; 404 / Inhaltszuordnung zu prüfen";unbekannt
https://www.powertech-performance.com/fahrzeugaufbereitung-erfurt/;3;404;https://www.powertech-performance.com/fahrzeugaufbereitung-erfurt/;;https://powertech-performance.com/blog/fahrzeugaufbereitung-erfurt/;"keine Messwertübertragung; 404 / Inhaltszuordnung zu prüfen";unbekannt
https://www.powertech-performance.com/lackierung-oldtimer-erfurt-lackaufbereitung-keramik/;3;404;https://www.powertech-performance.com/lackierung-oldtimer-erfurt-lackaufbereitung-keramik/;;https://powertech-performance.com/blog/lackierung-oldtimer-erfurt-lackaufbereitung-keramik/;"keine Messwertübertragung; 404 / Inhaltszuordnung zu prüfen";unbekannt
https://www.powertech-performance.com/leasing-rueckgabe-aufbereitung-erfurt/;3;404;https://www.powertech-performance.com/leasing-rueckgabe-aufbereitung-erfurt/;;https://powertech-performance.com/blog/leasing-rueckgabe-aufbereitung-erfurt/;"keine Messwertübertragung; 404 / Inhaltszuordnung zu prüfen";unbekannt
https://www.powertech-performance.com/softwareoptimierung-erfurt/;3;404;https://www.powertech-performance.com/softwareoptimierung-erfurt/;;https://powertech-performance.com/blog/softwareoptimierung-erfurt/;"keine Messwertübertragung; 404 / Inhaltszuordnung zu prüfen";unbekannt
https://www.powertech-performance.com/suhl/;3;404;https://www.powertech-performance.com/suhl/;;https://powertech-performance.com/suhl;"keine Messwertübertragung; 404 / Inhaltszuordnung zu prüfen";unbekannt
https://www.powertech-performance.com/blog/auto-selber-waschen-erfurt/;2;200;https://www.powertech-performance.com/blog/auto-selber-waschen-erfurt/;https://powertech-performance.com/blog/auto-selber-waschen-erfurt/;;belegt durch identisches Live-Endziel;unbekannt
https://www.powertech-performance.com/blog/harte-weiche-autolacke-lackaufbereitung/;2;200;https://www.powertech-performance.com/blog/harte-weiche-autolacke-lackaufbereitung/;https://powertech-performance.com/blog/harte-weiche-autolacke-lackaufbereitung/;;belegt durch identisches Live-Endziel;unbekannt
https://www.powertech-performance.com/blog/motorradaufbereitung-keramikversiegelung-experte/;2;200;https://www.powertech-performance.com/blog/motorradaufbereitung-keramikversiegelung-experte/;https://powertech-performance.com/blog/motorradaufbereitung-keramikversiegelung-experte/;;belegt durch identisches Live-Endziel;unbekannt
https://www.powertech-performance.com/gera/;2;404;https://www.powertech-performance.com/gera/;;https://powertech-performance.com/gera;"keine Messwertübertragung; 404 / Inhaltszuordnung zu prüfen";unbekannt
https://www.powertech-performance.com/oldtimer-aufbereitung-erfurt-wertschonende-pflege/;2;404;https://www.powertech-performance.com/oldtimer-aufbereitung-erfurt-wertschonende-pflege/;;https://powertech-performance.com/blog/oldtimer-aufbereitung-erfurt-wertschonende-pflege/;"keine Messwertübertragung; 404 / Inhaltszuordnung zu prüfen";unbekannt
https://www.powertech-performance.com/online-termin-buchen/;2;404;https://www.powertech-performance.com/online-termin-buchen/;;https://powertech-performance.com/online-termin-buchen;"keine Messwertübertragung; 404 / Inhaltszuordnung zu prüfen";unbekannt
https://www.powertech-performance.com/professionelle-keramikversiegelung-erfurt/;2;404;https://www.powertech-performance.com/professionelle-keramikversiegelung-erfurt/;;https://powertech-performance.com/blog/professionelle-keramikversiegelung-erfurt/;"keine Messwertübertragung; 404 / Inhaltszuordnung zu prüfen";unbekannt
https://www.powertech-performance.com/audi-r8-aufbereitung-erfurt-keramikversiegelung/;1;404;https://www.powertech-performance.com/audi-r8-aufbereitung-erfurt-keramikversiegelung/;;https://powertech-performance.com/blog/audi-r8-aufbereitung-erfurt-keramikversiegelung/;"keine Messwertübertragung; 404 / Inhaltszuordnung zu prüfen";unbekannt
https://www.powertech-performance.com/blog/;1;200;https://www.powertech-performance.com/blog/;https://powertech-performance.com/blog/;;belegt durch identisches Live-Endziel;unbekannt
https://www.powertech-performance.com/blog/1-step-2-step-oder-lackkorrektur-lackaufbereitung-im-vergleich/;1;200;https://www.powertech-performance.com/blog/1-step-2-step-oder-lackkorrektur-lackaufbereitung-im-vergleich/;https://powertech-performance.com/blog/1-step-2-step-oder-lackkorrektur-lackaufbereitung-im-vergleich/;;belegt durch identisches Live-Endziel;unbekannt
https://www.powertech-performance.com/blog/aufbereiter-vs-detailer-unterschied/;1;200;https://www.powertech-performance.com/blog/aufbereiter-vs-detailer-unterschied/;https://powertech-performance.com/blog/aufbereiter-vs-detailer-unterschied/;;belegt durch identisches Live-Endziel;unbekannt
https://www.powertech-performance.com/blog/haltbarkeit-keramikversiegelung-lackschutz/;1;200;https://www.powertech-performance.com/blog/haltbarkeit-keramikversiegelung-lackschutz/;https://powertech-performance.com/blog/haltbarkeit-keramikversiegelung-lackschutz/;;belegt durch identisches Live-Endziel;unbekannt
https://www.powertech-performance.com/blog/harte-und-weiche-autolacke-der-geheime-schlssel-zur-perfekten-lackaufbereitung-2/;1;200;https://www.powertech-performance.com/blog/harte-und-weiche-autolacke-der-geheime-schlssel-zur-perfekten-lackaufbereitung-2/;https://powertech-performance.com/blog/harte-und-weiche-autolacke-der-geheime-schlssel-zur-perfekten-lackaufbereitung-2/;;belegt durch identisches Live-Endziel;unbekannt
https://www.powertech-performance.com/blog/harte-und-weiche-autolacke-der-geheime-schlssel-zur-perfekten-lackaufbereitung/;1;200;https://www.powertech-performance.com/blog/harte-und-weiche-autolacke-der-geheime-schlssel-zur-perfekten-lackaufbereitung/;https://powertech-performance.com/blog/harte-und-weiche-autolacke-der-geheime-schlssel-zur-perfekten-lackaufbereitung/;;belegt durch identisches Live-Endziel;unbekannt
https://www.powertech-performance.com/blog/oldtimer-aufbereitung-erfurt-wertschonende-pflege/;1;200;https://www.powertech-performance.com/blog/oldtimer-aufbereitung-erfurt-wertschonende-pflege/;https://powertech-performance.com/blog/oldtimer-aufbereitung-erfurt-wertschonende-pflege/;;belegt durch identisches Live-Endziel;unbekannt
https://www.powertech-performance.com/boot-aufbereitung-keramikversiegelung-marine/;1;404;https://www.powertech-performance.com/boot-aufbereitung-keramikversiegelung-marine/;;https://powertech-performance.com/blog/boot-aufbereitung-keramikversiegelung-marine/;"keine Messwertübertragung; 404 / Inhaltszuordnung zu prüfen";unbekannt
https://www.powertech-performance.com/harte-und-weiche-autolacke-der-geheime-schlssel-zur-perfekten-lackaufbereitung-2/;1;404;https://www.powertech-performance.com/harte-und-weiche-autolacke-der-geheime-schlssel-zur-perfekten-lackaufbereitung-2/;;https://powertech-performance.com/blog/harte-und-weiche-autolacke-der-geheime-schlssel-zur-perfekten-lackaufbereitung-2/;"keine Messwertübertragung; 404 / Inhaltszuordnung zu prüfen";unbekannt
https://www.powertech-performance.com/keramik-fuer-auto-erfurt-vorteile-haltbarkeit/;1;404;https://www.powertech-performance.com/keramik-fuer-auto-erfurt-vorteile-haltbarkeit/;;https://powertech-performance.com/blog/keramik-fuer-auto-erfurt-vorteile-haltbarkeit/;"keine Messwertübertragung; 404 / Inhaltszuordnung zu prüfen";unbekannt
https://www.powertech-performance.com/professionelle-cabrioverdeck-impraegnierung-und-reinigung/;1;404;https://www.powertech-performance.com/professionelle-cabrioverdeck-impraegnierung-und-reinigung/;;https://powertech-performance.com/blog/professionelle-cabrioverdeck-impraegnierung-und-reinigung/;"keine Messwertübertragung; 404 / Inhaltszuordnung zu prüfen";unbekannt
https://www.powertech-performance.com/profi-keramikversiegelung/;1;404;https://www.powertech-performance.com/profi-keramikversiegelung/;;https://powertech-performance.com/blog/profi-keramikversiegelung/;"keine Messwertübertragung; 404 / Inhaltszuordnung zu prüfen";unbekannt
