Keyword / Suchanfrage;bestehende Zielseite;Klicks;Impressionen;CTR;Position;Suchvolumen;CPC;Suchintention;Themencluster;Hauptkeyword oder Nebenkeyword;passende bestehende Seite;mögliche neue Seite;Kannibalisierungsrisiko;Priorität;Handlungsempfehlung;Status;Begründung;Datenquelle;Datenart;URL-Impressionen (nicht Keyword-Messwert);Ursprüngliches vermutetes Keyword;Veröffentlichung
AdBlue Service Erfurt;https://www.powertech-performance.com/adblue-service;;;;;;;kommerziell / lokal;AdBlue / SCR / DPF;Hauptkeyword (redaktionell);https://www.powertech-performance.com/adblue-service;;"K7: Rollen/Verlinkung teilweise verbessert; Wirkung mangels Query-URL-Daten offen";P1;beobachten;teilweise umgesetzt;"Lokale Optimierung umgesetzt; nächste Bewertung nach Veröffentlichung und mit Query-URL-Zeitreihe.";"SEO-Analyse und aktuelle Inhalte; ursprünglicher Index unverändert archiviert";Keyword-Hypothese, keine gemessene Suchanfrage;;AdBlue Service Erfurt;ausstehend
Autoaufbereiter Erfurt;https://www.powertech-performance.com/ads;;;;;;;kommerziell / lokal;Autoaufbereitung;Nebenkeyword / Kampagnenvariante;https://www.powertech-performance.com/;;"K5: Rollen/Verlinkung teilweise verbessert; Wirkung mangels Query-URL-Daten offen";P1;beobachten;benötigt meine Entscheidung;"Lokale Optimierung umgesetzt; nächste Bewertung nach Veröffentlichung und mit Query-URL-Zeitreihe.";"SEO-Analyse und aktuelle Inhalte; ursprünglicher Index unverändert archiviert";Keyword-Hypothese, keine gemessene Suchanfrage;;Autoaufbereiter Erfurt;ausstehend
Lackaufbereitung im Vergleich;https://www.powertech-performance.com/blog/1-step-2-step-oder-lackkorrektur-lackaufbereitung-im-vergleich/;;;;;;;informativ / teilweise kommerziell;Lackaufbereitung;Hauptkeyword (redaktionell);https://www.powertech-performance.com/blog/1-step-2-step-oder-lackkorrektur-lackaufbereitung-im-vergleich/;;"nicht belegt; keine Query-URL-Zeitreihen";P2;keine Änderung notwendig;umgesetzt;"Lokale Optimierung umgesetzt; nächste Bewertung nach Veröffentlichung und mit Query-URL-Zeitreihe.";"SEO-Analyse und aktuelle Inhalte; ursprünglicher Index unverändert archiviert";Keyword-Hypothese, keine gemessene Suchanfrage;1;Lackaufbereitung im Vergleich;ausstehend
1-Step Politur;https://www.powertech-performance.com/blog/1-step-politur-erklaert/;;;;;;;informativ / teilweise kommerziell;Lackaufbereitung;Hauptkeyword (redaktionell);https://www.powertech-performance.com/blog/1-step-politur-erklaert/;;"nicht belegt; keine Query-URL-Zeitreihen";P2;keine Änderung notwendig;umgesetzt;"Lokale Optimierung umgesetzt; nächste Bewertung nach Veröffentlichung und mit Query-URL-Zeitreihe.";"SEO-Analyse und aktuelle Inhalte; ursprünglicher Index unverändert archiviert";Keyword-Hypothese, keine gemessene Suchanfrage;;1-Step Politur;ausstehend
AdBlue deaktivieren Risiken;https://www.powertech-performance.com/blog/adblue-deaktivieren-vor-nachteile-wahrheit/;;;;;;;informativ;AdBlue / SCR / DPF;Hauptkeyword (redaktionell);https://www.powertech-performance.com/blog/adblue-deaktivieren-vor-nachteile-wahrheit/;;"K7: Rollen/Verlinkung teilweise verbessert; Wirkung mangels Query-URL-Daten offen";P1;beobachten;teilweise umgesetzt;"Lokale Optimierung umgesetzt; nächste Bewertung nach Veröffentlichung und mit Query-URL-Zeitreihe.";"SEO-Analyse und aktuelle Inhalte; ursprünglicher Index unverändert archiviert";Keyword-Hypothese, keine gemessene Suchanfrage;7;AdBlue deaktivieren Vor- und Nachteile;ausstehend
AdBlue Deaktivierung rückgängig machen;https://www.powertech-performance.com/blog/adblue-deaktivierung/;;;;;;;informativ;AdBlue / SCR / DPF;Hauptkeyword (redaktionell);https://www.powertech-performance.com/blog/adblue-deaktivierung/;;"K7: Rollen/Verlinkung teilweise verbessert; Wirkung mangels Query-URL-Daten offen";P1;beobachten;teilweise umgesetzt;"Lokale Optimierung umgesetzt; nächste Bewertung nach Veröffentlichung und mit Query-URL-Zeitreihe.";"SEO-Analyse und aktuelle Inhalte; ursprünglicher Index unverändert archiviert";Keyword-Hypothese, keine gemessene Suchanfrage;;AdBlue Deaktivierung;ausstehend
Audi R8 Aufbereitung Erfurt;https://www.powertech-performance.com/blog/audi-r8-aufbereitung-erfurt-keramikversiegelung/;;;;;;;informativ / teilweise kommerziell;Spezialfahrzeuge;Hauptkeyword (redaktionell);https://www.powertech-performance.com/blog/audi-r8-aufbereitung-erfurt-keramikversiegelung/;;"nicht belegt; keine Query-URL-Zeitreihen";P2;keine Änderung notwendig;umgesetzt;"Lokale Optimierung umgesetzt; nächste Bewertung nach Veröffentlichung und mit Query-URL-Zeitreihe.";"SEO-Analyse und aktuelle Inhalte; ursprünglicher Index unverändert archiviert";Keyword-Hypothese, keine gemessene Suchanfrage;;Audi R8 Aufbereitung Erfurt;ausstehend
Aufbereiter vs. Detailer Unterschied;https://www.powertech-performance.com/blog/aufbereiter-vs-detailer-unterschied/;;;;;;;informativ / teilweise kommerziell;Autoaufbereitung;Hauptkeyword (redaktionell);https://www.powertech-performance.com/blog/aufbereiter-vs-detailer-unterschied/;;"nicht belegt; keine Query-URL-Zeitreihen";P2;keine Änderung notwendig;umgesetzt;"Lokale Optimierung umgesetzt; nächste Bewertung nach Veröffentlichung und mit Query-URL-Zeitreihe.";"SEO-Analyse und aktuelle Inhalte; ursprünglicher Index unverändert archiviert";Keyword-Hypothese, keine gemessene Suchanfrage;1;Aufbereiter vs. Detailer Unterschied;ausstehend
Auto selber waschen Erfurt;https://www.powertech-performance.com/blog/auto-selber-waschen-erfurt/;;;;;;;informativ;Autoaufbereitung;Hauptkeyword (redaktionell);https://www.powertech-performance.com/blog/auto-selber-waschen-erfurt/;;"nicht belegt; keine Query-URL-Zeitreihen";P2;keine Änderung notwendig;umgesetzt;"Lokale Optimierung umgesetzt; nächste Bewertung nach Veröffentlichung und mit Query-URL-Zeitreihe.";"SEO-Analyse und aktuelle Inhalte; ursprünglicher Index unverändert archiviert";Keyword-Hypothese, keine gemessene Suchanfrage;2;Auto selber waschen Erfurt;ausstehend
Was ist Keramikversiegelung;https://www.powertech-performance.com/blog/blog-keramikversiegelung/;;;;;;;informativ;Keramikversiegelung;Hauptkeyword (redaktionell);https://www.powertech-performance.com/blog/blog-keramikversiegelung/;;"K3: Rollen/Verlinkung teilweise verbessert; Wirkung mangels Query-URL-Daten offen";P1;beobachten;teilweise umgesetzt;"Lokale Optimierung umgesetzt; nächste Bewertung nach Veröffentlichung und mit Query-URL-Zeitreihe.";"SEO-Analyse und aktuelle Inhalte; ursprünglicher Index unverändert archiviert";Keyword-Hypothese, keine gemessene Suchanfrage;;Keramikversiegelung Auto;ausstehend
Boot Keramikversiegelung;https://www.powertech-performance.com/blog/boot-aufbereitung-keramikversiegelung-marine/;;;;;;;informativ / teilweise kommerziell;Spezialfahrzeuge;Hauptkeyword (redaktionell);https://www.powertech-performance.com/blog/boot-aufbereitung-keramikversiegelung-marine/;;"nicht belegt; keine Query-URL-Zeitreihen";P2;keine Änderung notwendig;umgesetzt;"Lokale Optimierung umgesetzt; nächste Bewertung nach Veröffentlichung und mit Query-URL-Zeitreihe.";"SEO-Analyse und aktuelle Inhalte; ursprünglicher Index unverändert archiviert";Keyword-Hypothese, keine gemessene Suchanfrage;4;Boot Keramikversiegelung;ausstehend
Chiptuning Risiken und Voraussetzungen;https://www.powertech-performance.com/blog/chiptuning-raum-erfurt/;;;;;;;informativ;Chiptuning;Hauptkeyword (redaktionell);https://www.powertech-performance.com/blog/chiptuning-raum-erfurt/;;"K2: Rollen/Verlinkung teilweise verbessert; Wirkung mangels Query-URL-Daten offen";P1;beobachten;teilweise umgesetzt;"Lokale Optimierung umgesetzt; nächste Bewertung nach Veröffentlichung und mit Query-URL-Zeitreihe.";"SEO-Analyse und aktuelle Inhalte; ursprünglicher Index unverändert archiviert";Keyword-Hypothese, keine gemessene Suchanfrage;;Chiptuning Raum Erfurt;ausstehend
Chiptuning Beratung Fahrzeugdaten;https://www.powertech-performance.com/blog/chiptuning-raumerfurt/;;;;;;;informativ;Chiptuning;Hauptkeyword (redaktionell);https://www.powertech-performance.com/blog/chiptuning-raumerfurt/;;"K2: Rollen/Verlinkung teilweise verbessert; Wirkung mangels Query-URL-Daten offen";P1;beobachten;teilweise umgesetzt;"Lokale Optimierung umgesetzt; nächste Bewertung nach Veröffentlichung und mit Query-URL-Zeitreihe.";"SEO-Analyse und aktuelle Inhalte; ursprünglicher Index unverändert archiviert";Keyword-Hypothese, keine gemessene Suchanfrage;;Chiptuning Raum Erfurt;ausstehend
Fahrzeugaufbereitung Erfurt;https://www.powertech-performance.com/blog/fahrzeugaufbereitung-erfurt/;;;;;;;informativ / teilweise kommerziell;Autoaufbereitung;Hauptkeyword (redaktionell);https://www.powertech-performance.com/blog/fahrzeugaufbereitung-erfurt/;;"K5: Rollen/Verlinkung teilweise verbessert; Wirkung mangels Query-URL-Daten offen";P1;beobachten;teilweise umgesetzt;"Lokale Optimierung umgesetzt; nächste Bewertung nach Veröffentlichung und mit Query-URL-Zeitreihe.";"SEO-Analyse und aktuelle Inhalte; ursprünglicher Index unverändert archiviert";Keyword-Hypothese, keine gemessene Suchanfrage;;Fahrzeugaufbereitung Erfurt;ausstehend
Flugzeugaufbereitung Erfurt;https://www.powertech-performance.com/blog/flugzeugaufbereitung-innenreinigung-erfurt/;;;;;;;informativ / teilweise kommerziell;Innenraumreinigung;Hauptkeyword (redaktionell);https://www.powertech-performance.com/blog/flugzeugaufbereitung-innenreinigung-erfurt/;;"nicht belegt; keine Query-URL-Zeitreihen";P2;keine Änderung notwendig;umgesetzt;"Lokale Optimierung umgesetzt; nächste Bewertung nach Veröffentlichung und mit Query-URL-Zeitreihe.";"SEO-Analyse und aktuelle Inhalte; ursprünglicher Index unverändert archiviert";Keyword-Hypothese, keine gemessene Suchanfrage;;Flugzeugaufbereitung Erfurt;ausstehend
Haltbarkeit Keramikversiegelung;https://www.powertech-performance.com/blog/haltbarkeit-keramikversiegelung-lackschutz/;;;;;;;informativ / teilweise kommerziell;Keramikversiegelung;Hauptkeyword (redaktionell);https://www.powertech-performance.com/blog/haltbarkeit-keramikversiegelung-lackschutz/;;"nicht belegt; keine Query-URL-Zeitreihen";P2;keine Änderung notwendig;umgesetzt;"Lokale Optimierung umgesetzt; nächste Bewertung nach Veröffentlichung und mit Query-URL-Zeitreihe.";"SEO-Analyse und aktuelle Inhalte; ursprünglicher Index unverändert archiviert";Keyword-Hypothese, keine gemessene Suchanfrage;1;Haltbarkeit Keramikversiegelung;ausstehend
harte und weiche Autolacke;https://www.powertech-performance.com/blog/harte-und-weiche-autolacke-der-geheime-schlssel-zur-perfekten-lackaufbereitung/;;;;;;;informativ;Lackaufbereitung;Nebenkeyword / historische Fassung;https://www.powertech-performance.com/blog/harte-weiche-autolacke-lackaufbereitung/;;"K1: Canonical-Zuordnung umgesetzt; Google-Auswahl nach Veröffentlichung prüfen";P1;beobachten;umgesetzt;"Lokale Optimierung umgesetzt; nächste Bewertung nach Veröffentlichung und mit Query-URL-Zeitreihe.";"SEO-Analyse und aktuelle Inhalte; ursprünglicher Index unverändert archiviert";Keyword-Hypothese, keine gemessene Suchanfrage;1;harte und weiche Autolacke;ausstehend
harte und weiche Autolacke;https://www.powertech-performance.com/blog/harte-und-weiche-autolacke-der-geheime-schlssel-zur-perfekten-lackaufbereitung-2/;;;;;;;informativ;Lackaufbereitung;Nebenkeyword / historische Fassung;https://www.powertech-performance.com/blog/harte-weiche-autolacke-lackaufbereitung/;;"K1: Canonical-Zuordnung umgesetzt; Google-Auswahl nach Veröffentlichung prüfen";P1;beobachten;umgesetzt;"Lokale Optimierung umgesetzt; nächste Bewertung nach Veröffentlichung und mit Query-URL-Zeitreihe.";"SEO-Analyse und aktuelle Inhalte; ursprünglicher Index unverändert archiviert";Keyword-Hypothese, keine gemessene Suchanfrage;1;harte und weiche Autolacke;ausstehend
harte und weiche Autolacke;https://www.powertech-performance.com/blog/harte-weiche-autolacke-lackaufbereitung/;;;;;;;informativ;Lackaufbereitung;Hauptkeyword (redaktionell);https://www.powertech-performance.com/blog/harte-weiche-autolacke-lackaufbereitung/;;"K1: Canonical-Zuordnung umgesetzt; Google-Auswahl nach Veröffentlichung prüfen";P1;beobachten;umgesetzt;"Lokale Optimierung umgesetzt; nächste Bewertung nach Veröffentlichung und mit Query-URL-Zeitreihe.";"SEO-Analyse und aktuelle Inhalte; ursprünglicher Index unverändert archiviert";Keyword-Hypothese, keine gemessene Suchanfrage;2;harte und weiche Autolacke;ausstehend
Autoaufbereitung Blog;https://www.powertech-performance.com/blog/;;;;;;;informativ / teilweise kommerziell;Autoaufbereitung;Hauptkeyword (redaktionell);https://www.powertech-performance.com/blog/;;"nicht belegt; keine Query-URL-Zeitreihen";P2;keine Änderung notwendig;umgesetzt;"Lokale Optimierung umgesetzt; nächste Bewertung nach Veröffentlichung und mit Query-URL-Zeitreihe.";"SEO-Analyse und aktuelle Inhalte; ursprünglicher Index unverändert archiviert";Keyword-Hypothese, keine gemessene Suchanfrage;1;Autoaufbereitung Blog;ausstehend
Innenreinigung Auto Erfurt;https://www.powertech-performance.com/blog/innenreinigung-auto-in-der-naehe/;;;;;;;kommerziell / lokal;Innenraumreinigung;Hauptkeyword (redaktionell);https://www.powertech-performance.com/blog/innenreinigung-auto-in-der-naehe/;;"K4: Rollen/Verlinkung teilweise verbessert; Wirkung mangels Query-URL-Daten offen";P1;beobachten;teilweise umgesetzt;"Lokale Optimierung umgesetzt; nächste Bewertung nach Veröffentlichung und mit Query-URL-Zeitreihe.";"SEO-Analyse und aktuelle Inhalte; ursprünglicher Index unverändert archiviert";Keyword-Hypothese, keine gemessene Suchanfrage;;Innenreinigung Auto in der Nähe;ausstehend
Keramik Auto Vorteile;https://www.powertech-performance.com/blog/keramik-fuer-auto-erfurt-vorteile-haltbarkeit/;;;;;;;informativ;Keramikversiegelung;Hauptkeyword (redaktionell);https://www.powertech-performance.com/blog/keramik-fuer-auto-erfurt-vorteile-haltbarkeit/;;"K3: Rollen/Verlinkung teilweise verbessert; Wirkung mangels Query-URL-Daten offen";P1;beobachten;teilweise umgesetzt;"Lokale Optimierung umgesetzt; nächste Bewertung nach Veröffentlichung und mit Query-URL-Zeitreihe.";"SEO-Analyse und aktuelle Inhalte; ursprünglicher Index unverändert archiviert";Keyword-Hypothese, keine gemessene Suchanfrage;;Keramik für Auto Erfurt;ausstehend
Keramikversiegelung Lackzustand;https://www.powertech-performance.com/blog/keramikversiegelung-erfurt-high-end-lackschutz-powertech-performance/;;;;;;;informativ;Keramikversiegelung;Hauptkeyword (redaktionell);https://www.powertech-performance.com/blog/keramikversiegelung-erfurt-high-end-lackschutz-powertech-performance/;;"K3: Rollen/Verlinkung teilweise verbessert; Wirkung mangels Query-URL-Daten offen";P1;beobachten;teilweise umgesetzt;"Lokale Optimierung umgesetzt; nächste Bewertung nach Veröffentlichung und mit Query-URL-Zeitreihe.";"SEO-Analyse und aktuelle Inhalte; ursprünglicher Index unverändert archiviert";Keyword-Hypothese, keine gemessene Suchanfrage;;Keramikversiegelung Erfurt;ausstehend
Keramikversiegelung Profi oder selber;https://www.powertech-performance.com/blog/keramikversiegelung-profi-lackschutz/;;;;;;;informativ;Keramikversiegelung;Hauptkeyword (redaktionell);https://www.powertech-performance.com/blog/keramikversiegelung-profi-lackschutz/;;"K3: Rollen/Verlinkung teilweise verbessert; Wirkung mangels Query-URL-Daten offen";P1;beobachten;teilweise umgesetzt;"Lokale Optimierung umgesetzt; nächste Bewertung nach Veröffentlichung und mit Query-URL-Zeitreihe.";"SEO-Analyse und aktuelle Inhalte; ursprünglicher Index unverändert archiviert";Keyword-Hypothese, keine gemessene Suchanfrage;;Keramikversiegelung Profi;ausstehend
Lackierung Oldtimer Erfurt;https://www.powertech-performance.com/blog/lackierung-oldtimer-erfurt-lackaufbereitung-keramik/;;;;;;;informativ / teilweise kommerziell;Spezialfahrzeuge;Hauptkeyword (redaktionell);https://www.powertech-performance.com/blog/lackierung-oldtimer-erfurt-lackaufbereitung-keramik/;;"nicht belegt; keine Query-URL-Zeitreihen";P2;keine Änderung notwendig;umgesetzt;"Lokale Optimierung umgesetzt; nächste Bewertung nach Veröffentlichung und mit Query-URL-Zeitreihe.";"SEO-Analyse und aktuelle Inhalte; ursprünglicher Index unverändert archiviert";Keyword-Hypothese, keine gemessene Suchanfrage;;Lackierung Oldtimer Erfurt;ausstehend
Lackkorrektur;https://www.powertech-performance.com/blog/lackkorrektur-wofuer-gut-werterhalt/;;;;;;;informativ / teilweise kommerziell;Lackaufbereitung;Hauptkeyword (redaktionell);https://www.powertech-performance.com/blog/lackkorrektur-wofuer-gut-werterhalt/;;"nicht belegt; keine Query-URL-Zeitreihen";P2;keine Änderung notwendig;umgesetzt;"Lokale Optimierung umgesetzt; nächste Bewertung nach Veröffentlichung und mit Query-URL-Zeitreihe.";"SEO-Analyse und aktuelle Inhalte; ursprünglicher Index unverändert archiviert";Keyword-Hypothese, keine gemessene Suchanfrage;;Lackkorrektur;ausstehend
Leasingrückgabe Aufbereitung Erfurt;https://www.powertech-performance.com/blog/leasing-rueckgabe-aufbereitung-erfurt/;;;;;;;kommerziell / lokal;Leasingrückgabe;Hauptkeyword (redaktionell);https://www.powertech-performance.com/blog/leasing-rueckgabe-aufbereitung-erfurt/;;"K6: Rollen/Verlinkung teilweise verbessert; Wirkung mangels Query-URL-Daten offen";P1;beobachten;teilweise umgesetzt;"Lokale Optimierung umgesetzt; nächste Bewertung nach Veröffentlichung und mit Query-URL-Zeitreihe.";"SEO-Analyse und aktuelle Inhalte; ursprünglicher Index unverändert archiviert";Keyword-Hypothese, keine gemessene Suchanfrage;;Leasing-Rückgabe Aufbereitung;ausstehend
Leasingauto aufbereiten;https://www.powertech-performance.com/blog/leasingauto-aufbereiten/;;;;;;;informativ / teilweise kommerziell;Leasingrückgabe;Hauptkeyword (redaktionell);https://www.powertech-performance.com/blog/leasingauto-aufbereiten/;;"K6: Rollen/Verlinkung teilweise verbessert; Wirkung mangels Query-URL-Daten offen";P1;beobachten;teilweise umgesetzt;"Lokale Optimierung umgesetzt; nächste Bewertung nach Veröffentlichung und mit Query-URL-Zeitreihe.";"SEO-Analyse und aktuelle Inhalte; ursprünglicher Index unverändert archiviert";Keyword-Hypothese, keine gemessene Suchanfrage;;Leasingauto aufbereiten;ausstehend
Leasingrückgabe Checkliste;https://www.powertech-performance.com/blog/leasingrueckgabe-checkliste/;;;;;;;informativ;Leasingrückgabe;Hauptkeyword (redaktionell);https://www.powertech-performance.com/blog/leasingrueckgabe-checkliste/;;"nicht belegt; keine Query-URL-Zeitreihen";P2;keine Änderung notwendig;umgesetzt;"Lokale Optimierung umgesetzt; nächste Bewertung nach Veröffentlichung und mit Query-URL-Zeitreihe.";"SEO-Analyse und aktuelle Inhalte; ursprünglicher Index unverändert archiviert";Keyword-Hypothese, keine gemessene Suchanfrage;;Leasingrückgabe Checkliste;ausstehend
Motorradaufbereitung Keramikversiegelung;https://www.powertech-performance.com/blog/motorradaufbereitung-keramikversiegelung-experte/;;;;;;;informativ / teilweise kommerziell;Spezialfahrzeuge;Hauptkeyword (redaktionell);https://www.powertech-performance.com/blog/motorradaufbereitung-keramikversiegelung-experte/;;"nicht belegt; keine Query-URL-Zeitreihen";P2;keine Änderung notwendig;umgesetzt;"Lokale Optimierung umgesetzt; nächste Bewertung nach Veröffentlichung und mit Query-URL-Zeitreihe.";"SEO-Analyse und aktuelle Inhalte; ursprünglicher Index unverändert archiviert";Keyword-Hypothese, keine gemessene Suchanfrage;2;Motorradaufbereitung Keramikversiegelung;ausstehend
Motorraumwäsche Erfurt;https://www.powertech-performance.com/blog/motorwaesche-erfurt-vorteile-kosten/;;;;;;;informativ / kommerziell;Motorraumwäsche;Hauptkeyword (redaktionell);https://www.powertech-performance.com/blog/motorwaesche-erfurt-vorteile-kosten/;;"nicht belegt; keine Query-URL-Zeitreihen";P2;keine Änderung notwendig;umgesetzt;"Lokale Optimierung umgesetzt; nächste Bewertung nach Veröffentlichung und mit Query-URL-Zeitreihe.";"SEO-Analyse und aktuelle Inhalte; ursprünglicher Index unverändert archiviert";Keyword-Hypothese, keine gemessene Suchanfrage;;Motorwäsche Erfurt;ausstehend
Oldtimer Aufbereitung Erfurt;https://www.powertech-performance.com/blog/oldtimer-aufbereitung-erfurt-wertschonende-pflege/;;;;;;;informativ / teilweise kommerziell;Spezialfahrzeuge;Hauptkeyword (redaktionell);https://www.powertech-performance.com/blog/oldtimer-aufbereitung-erfurt-wertschonende-pflege/;;"nicht belegt; keine Query-URL-Zeitreihen";P2;keine Änderung notwendig;umgesetzt;"Lokale Optimierung umgesetzt; nächste Bewertung nach Veröffentlichung und mit Query-URL-Zeitreihe.";"SEO-Analyse und aktuelle Inhalte; ursprünglicher Index unverändert archiviert";Keyword-Hypothese, keine gemessene Suchanfrage;1;Oldtimer Aufbereitung Erfurt;ausstehend
Porsche Aufbereitung Erfurt;https://www.powertech-performance.com/blog/porsche-aufbereitung-erfurt-keramikversiegelung-zertifiziert/;;;;;;;informativ / teilweise kommerziell;Spezialfahrzeuge;Hauptkeyword (redaktionell);https://www.powertech-performance.com/blog/porsche-aufbereitung-erfurt-keramikversiegelung-zertifiziert/;;"nicht belegt; keine Query-URL-Zeitreihen";P2;keine Änderung notwendig;umgesetzt;"Lokale Optimierung umgesetzt; nächste Bewertung nach Veröffentlichung und mit Query-URL-Zeitreihe.";"SEO-Analyse und aktuelle Inhalte; ursprünglicher Index unverändert archiviert";Keyword-Hypothese, keine gemessene Suchanfrage;;Porsche Aufbereitung Erfurt;ausstehend
Cabrioverdeck Imprägnierung;https://www.powertech-performance.com/blog/professionelle-cabrioverdeck-impraegnierung-und-reinigung/;;;;;;;informativ / teilweise kommerziell;Spezialfahrzeuge;Hauptkeyword (redaktionell);https://www.powertech-performance.com/blog/professionelle-cabrioverdeck-impraegnierung-und-reinigung/;;"nicht belegt; keine Query-URL-Zeitreihen";P2;keine Änderung notwendig;umgesetzt;"Lokale Optimierung umgesetzt; nächste Bewertung nach Veröffentlichung und mit Query-URL-Zeitreihe.";"SEO-Analyse und aktuelle Inhalte; ursprünglicher Index unverändert archiviert";Keyword-Hypothese, keine gemessene Suchanfrage;;Cabrioverdeck Imprägnierung;ausstehend
Auto Innenreinigung vorbereiten;https://www.powertech-performance.com/blog/professionelle-innenreinigung-auto-in-der-naehe/;;;;;;;informativ;Innenraumreinigung;Hauptkeyword (redaktionell);https://www.powertech-performance.com/blog/professionelle-innenreinigung-auto-in-der-naehe/;;"K4: Rollen/Verlinkung teilweise verbessert; Wirkung mangels Query-URL-Daten offen";P1;beobachten;teilweise umgesetzt;"Lokale Optimierung umgesetzt; nächste Bewertung nach Veröffentlichung und mit Query-URL-Zeitreihe.";"SEO-Analyse und aktuelle Inhalte; ursprünglicher Index unverändert archiviert";Keyword-Hypothese, keine gemessene Suchanfrage;;Innenreinigung Auto in der Nähe;ausstehend
Keramikversiegelung Leistungsumfang;https://www.powertech-performance.com/blog/professionelle-keramikversiegelung-erfurt/;;;;;;;informativ;Keramikversiegelung;Hauptkeyword (redaktionell);https://www.powertech-performance.com/blog/professionelle-keramikversiegelung-erfurt/;;"K3: Rollen/Verlinkung teilweise verbessert; Wirkung mangels Query-URL-Daten offen";P1;beobachten;teilweise umgesetzt;"Lokale Optimierung umgesetzt; nächste Bewertung nach Veröffentlichung und mit Query-URL-Zeitreihe.";"SEO-Analyse und aktuelle Inhalte; ursprünglicher Index unverändert archiviert";Keyword-Hypothese, keine gemessene Suchanfrage;;Professionelle Keramikversiegelung;ausstehend
Keramikversiegelung Vorbereitung;https://www.powertech-performance.com/blog/profi-keramikversiegelung/;;;;;;;informativ;Keramikversiegelung;Hauptkeyword (redaktionell);https://www.powertech-performance.com/blog/profi-keramikversiegelung/;;"K3: Rollen/Verlinkung teilweise verbessert; Wirkung mangels Query-URL-Daten offen";P1;beobachten;teilweise umgesetzt;"Lokale Optimierung umgesetzt; nächste Bewertung nach Veröffentlichung und mit Query-URL-Zeitreihe.";"SEO-Analyse und aktuelle Inhalte; ursprünglicher Index unverändert archiviert";Keyword-Hypothese, keine gemessene Suchanfrage;;Profi Keramikversiegelung;ausstehend
DPF Off Erfurt;https://www.powertech-performance.com/blog/softwareoptimierung-dpf-off-erfurt/;;;;;;;informativ / teilweise kommerziell;AdBlue / SCR / DPF;Hauptkeyword (redaktionell);https://www.powertech-performance.com/blog/softwareoptimierung-dpf-off-erfurt/;;"nicht belegt; keine Query-URL-Zeitreihen";P2;keine Änderung notwendig;umgesetzt;"Lokale Optimierung umgesetzt; nächste Bewertung nach Veröffentlichung und mit Query-URL-Zeitreihe.";"SEO-Analyse und aktuelle Inhalte; ursprünglicher Index unverändert archiviert";Keyword-Hypothese, keine gemessene Suchanfrage;;DPF Off Erfurt;ausstehend
Softwareoptimierung Fahrzeug Beratung;https://www.powertech-performance.com/blog/softwareoptimierung-erfurt/;;;;;;;informativ;Chiptuning;Hauptkeyword (redaktionell);https://www.powertech-performance.com/blog/softwareoptimierung-erfurt/;;"K2: Rollen/Verlinkung teilweise verbessert; Wirkung mangels Query-URL-Daten offen";P1;beobachten;teilweise umgesetzt;"Lokale Optimierung umgesetzt; nächste Bewertung nach Veröffentlichung und mit Query-URL-Zeitreihe.";"SEO-Analyse und aktuelle Inhalte; ursprünglicher Index unverändert archiviert";Keyword-Hypothese, keine gemessene Suchanfrage;;Softwareoptimierung Erfurt;ausstehend
was kostet Auto Innenreinigung;https://www.powertech-performance.com/blog/was-kostet-eine-auto-reinigung/;;;;;;;informativ / teilweise kommerziell;Innenraumreinigung;Hauptkeyword (redaktionell);https://www.powertech-performance.com/blog/was-kostet-eine-auto-reinigung/;;"nicht belegt; keine Query-URL-Zeitreihen";P2;keine Änderung notwendig;umgesetzt;"Lokale Optimierung umgesetzt; nächste Bewertung nach Veröffentlichung und mit Query-URL-Zeitreihe.";"SEO-Analyse und aktuelle Inhalte; ursprünglicher Index unverändert archiviert";Keyword-Hypothese, keine gemessene Suchanfrage;;was kostet Auto Innenreinigung;ausstehend
AdBlue Diagnose Dauer;https://www.powertech-performance.com/blog/wie-lange-dauert-adblue-off/;;;;;;;informativ;AdBlue / SCR / DPF;Hauptkeyword (redaktionell);https://www.powertech-performance.com/blog/wie-lange-dauert-adblue-off/;;"K7: Rollen/Verlinkung teilweise verbessert; Wirkung mangels Query-URL-Daten offen";P1;beobachten;teilweise umgesetzt;"Lokale Optimierung umgesetzt; nächste Bewertung nach Veröffentlichung und mit Query-URL-Zeitreihe.";"SEO-Analyse und aktuelle Inhalte; ursprünglicher Index unverändert archiviert";Keyword-Hypothese, keine gemessene Suchanfrage;6;wie lange dauert AdBlue Off;ausstehend
wie oft Auto aufbereiten lassen;https://www.powertech-performance.com/blog/wie-oft-auto-aufbereiten-lassen.html;;;;;;;informativ;Autoaufbereitung;Hauptkeyword (redaktionell);https://www.powertech-performance.com/blog/wie-oft-auto-aufbereiten-lassen.html;;"nicht belegt; keine Query-URL-Zeitreihen";P2;keine Änderung notwendig;umgesetzt;"Lokale Optimierung umgesetzt; nächste Bewertung nach Veröffentlichung und mit Query-URL-Zeitreihe.";"SEO-Analyse und aktuelle Inhalte; ursprünglicher Index unverändert archiviert";Keyword-Hypothese, keine gemessene Suchanfrage;9;wie oft Auto aufbereiten lassen;ausstehend
Chiptuning Erfurt;https://www.powertech-performance.com/chiptuning;;;;;;;kommerziell / lokal;Chiptuning;Hauptkeyword (redaktionell);https://www.powertech-performance.com/chiptuning;;"K2: Rollen/Verlinkung teilweise verbessert; Wirkung mangels Query-URL-Daten offen";P1;beobachten;teilweise umgesetzt;"Lokale Optimierung umgesetzt; nächste Bewertung nach Veröffentlichung und mit Query-URL-Zeitreihe.";"SEO-Analyse und aktuelle Inhalte; ursprünglicher Index unverändert archiviert";Keyword-Hypothese, keine gemessene Suchanfrage;;Chiptuning Erfurt;ausstehend
Autoaufbereitung Eisenach;https://www.powertech-performance.com/eisenach;;;;;;;kommerziell / Einzugsgebiet;Einzugsgebiet;Hauptkeyword (redaktionell);https://www.powertech-performance.com/eisenach;;"nicht belegt; keine Query-URL-Zeitreihen";P2;keine Änderung notwendig;teilweise umgesetzt;"Lokale Optimierung umgesetzt; nächste Bewertung nach Veröffentlichung und mit Query-URL-Zeitreihe.";"SEO-Analyse und aktuelle Inhalte; ursprünglicher Index unverändert archiviert";Keyword-Hypothese, keine gemessene Suchanfrage;;Autoaufbereitung Eisenach;ausstehend
Fahrzeugaufbereitung Termin vorbereiten;https://www.powertech-performance.com/fahrzeugaufbereitung-aus-erfurt;;;;;;;informativ / kommerziell;Autoaufbereitung;Hauptkeyword (redaktionell);https://www.powertech-performance.com/fahrzeugaufbereitung-aus-erfurt;;"K5: Rollen/Verlinkung teilweise verbessert; Wirkung mangels Query-URL-Daten offen";P1;beobachten;teilweise umgesetzt;"Lokale Optimierung umgesetzt; nächste Bewertung nach Veröffentlichung und mit Query-URL-Zeitreihe.";"SEO-Analyse und aktuelle Inhalte; ursprünglicher Index unverändert archiviert";Keyword-Hypothese, keine gemessene Suchanfrage;;Fahrzeugaufbereitung Erfurt;ausstehend
Autoaufbereitung Gera;https://www.powertech-performance.com/gera;;;;;;;kommerziell / Einzugsgebiet;Einzugsgebiet;Hauptkeyword (redaktionell);https://www.powertech-performance.com/gera;;"nicht belegt; keine Query-URL-Zeitreihen";P2;keine Änderung notwendig;teilweise umgesetzt;"Lokale Optimierung umgesetzt; nächste Bewertung nach Veröffentlichung und mit Query-URL-Zeitreihe.";"SEO-Analyse und aktuelle Inhalte; ursprünglicher Index unverändert archiviert";Keyword-Hypothese, keine gemessene Suchanfrage;;Autoaufbereitung Gera;ausstehend
Autoaufbereitung Glossar;https://www.powertech-performance.com/glosar;;;;;;;kommerziell / lokal;Autoaufbereitung;Hauptkeyword (redaktionell);https://www.powertech-performance.com/glosar;;"nicht belegt; keine Query-URL-Zeitreihen";P2;keine Änderung notwendig;umgesetzt;"Lokale Optimierung umgesetzt; nächste Bewertung nach Veröffentlichung und mit Query-URL-Zeitreihe.";"SEO-Analyse und aktuelle Inhalte; ursprünglicher Index unverändert archiviert";Keyword-Hypothese, keine gemessene Suchanfrage;;Autoaufbereitung Glossar;ausstehend
Autoaufbereitung Gotha;https://www.powertech-performance.com/gotha;;;;;;;kommerziell / Einzugsgebiet;Einzugsgebiet;Hauptkeyword (redaktionell);https://www.powertech-performance.com/gotha;;"nicht belegt; keine Query-URL-Zeitreihen";P2;keine Änderung notwendig;teilweise umgesetzt;"Lokale Optimierung umgesetzt; nächste Bewertung nach Veröffentlichung und mit Query-URL-Zeitreihe.";"SEO-Analyse und aktuelle Inhalte; ursprünglicher Index unverändert archiviert";Keyword-Hypothese, keine gemessene Suchanfrage;;Autoaufbereitung Gotha;ausstehend
Autoaufbereitung Erfurt;https://www.powertech-performance.com/;;;;;;;kommerziell / lokal;Autoaufbereitung;Hauptkeyword (redaktionell);https://www.powertech-performance.com/;;"K5: Rollen/Verlinkung teilweise verbessert; Wirkung mangels Query-URL-Daten offen";P1;beobachten;teilweise umgesetzt;"Lokale Optimierung umgesetzt; nächste Bewertung nach Veröffentlichung und mit Query-URL-Zeitreihe.";"SEO-Analyse und aktuelle Inhalte; ursprünglicher Index unverändert archiviert";Keyword-Hypothese, keine gemessene Suchanfrage;130;Autoaufbereitung Erfurt;ausstehend
Autoaufbereitung Jena;https://www.powertech-performance.com/jena;;;;;;;kommerziell / Einzugsgebiet;Einzugsgebiet;Hauptkeyword (redaktionell);https://www.powertech-performance.com/jena;;"nicht belegt; keine Query-URL-Zeitreihen";P2;keine Änderung notwendig;teilweise umgesetzt;"Lokale Optimierung umgesetzt; nächste Bewertung nach Veröffentlichung und mit Query-URL-Zeitreihe.";"SEO-Analyse und aktuelle Inhalte; ursprünglicher Index unverändert archiviert";Keyword-Hypothese, keine gemessene Suchanfrage;;Autoaufbereitung Jena;ausstehend
Keramikversiegelung Erfurt;https://www.powertech-performance.com/luxus-aufbereitung;;;;;;;kommerziell / lokal;Keramikversiegelung;Hauptkeyword (redaktionell);https://www.powertech-performance.com/luxus-aufbereitung;;"K3: Rollen/Verlinkung teilweise verbessert; Wirkung mangels Query-URL-Daten offen";P1;beobachten;teilweise umgesetzt;"Lokale Optimierung umgesetzt; nächste Bewertung nach Veröffentlichung und mit Query-URL-Zeitreihe.";"SEO-Analyse und aktuelle Inhalte; ursprünglicher Index unverändert archiviert";Keyword-Hypothese, keine gemessene Suchanfrage;;Keramikversiegelung Erfurt Garantie;ausstehend
Autoaufbereitung Nordhausen;https://www.powertech-performance.com/nordhausen;;;;;;;kommerziell / Einzugsgebiet;Einzugsgebiet;Hauptkeyword (redaktionell);https://www.powertech-performance.com/nordhausen;;"nicht belegt; keine Query-URL-Zeitreihen";P2;keine Änderung notwendig;teilweise umgesetzt;"Lokale Optimierung umgesetzt; nächste Bewertung nach Veröffentlichung und mit Query-URL-Zeitreihe.";"SEO-Analyse und aktuelle Inhalte; ursprünglicher Index unverändert archiviert";Keyword-Hypothese, keine gemessene Suchanfrage;;Autoaufbereitung Nordhausen;ausstehend
Termin Autoaufbereitung Erfurt;https://www.powertech-performance.com/online-termin-buchen;;;;;;;navigational;Kontakt / Service / Recht;Hauptkeyword (redaktionell);https://www.powertech-performance.com/online-termin-buchen;;"nicht belegt; keine Query-URL-Zeitreihen";P2;keine Änderung notwendig;umgesetzt;"Lokale Optimierung umgesetzt; nächste Bewertung nach Veröffentlichung und mit Query-URL-Zeitreihe.";"SEO-Analyse und aktuelle Inhalte; ursprünglicher Index unverändert archiviert";Keyword-Hypothese, keine gemessene Suchanfrage;;Termin Autoaufbereitung Erfurt;ausstehend
Kontakt Autoaufbereitung Erfurt;https://www.powertech-performance.com/pages/kontakt.html;;;;;;;navigational;Kontakt / Service / Recht;Hauptkeyword (redaktionell);https://www.powertech-performance.com/pages/kontakt.html;;"nicht belegt; keine Query-URL-Zeitreihen";P2;keine Änderung notwendig;umgesetzt;"Lokale Optimierung umgesetzt; nächste Bewertung nach Veröffentlichung und mit Query-URL-Zeitreihe.";"SEO-Analyse und aktuelle Inhalte; ursprünglicher Index unverändert archiviert";Keyword-Hypothese, keine gemessene Suchanfrage;;Kontakt Autoaufbereitung Erfurt;ausstehend
Autoaufbereitung Suhl;https://www.powertech-performance.com/suhl;;;;;;;kommerziell / Einzugsgebiet;Einzugsgebiet;Hauptkeyword (redaktionell);https://www.powertech-performance.com/suhl;;"nicht belegt; keine Query-URL-Zeitreihen";P2;keine Änderung notwendig;teilweise umgesetzt;"Lokale Optimierung umgesetzt; nächste Bewertung nach Veröffentlichung und mit Query-URL-Zeitreihe.";"SEO-Analyse und aktuelle Inhalte; ursprünglicher Index unverändert archiviert";Keyword-Hypothese, keine gemessene Suchanfrage;;Autoaufbereitung Suhl;ausstehend
Trockeneisreinigung Erfurt;https://www.powertech-performance.com/trockeneisreinigung;;;;;;;kommerziell / lokal;Trockeneisreinigung;Hauptkeyword (redaktionell);https://www.powertech-performance.com/trockeneisreinigung;;"nicht belegt; keine Query-URL-Zeitreihen";P2;keine Änderung notwendig;umgesetzt;"Lokale Optimierung umgesetzt; nächste Bewertung nach Veröffentlichung und mit Query-URL-Zeitreihe.";"SEO-Analyse und aktuelle Inhalte; ursprünglicher Index unverändert archiviert";Keyword-Hypothese, keine gemessene Suchanfrage;;;ausstehend
Felgenversiegelung pflegen;;;;;;;;informativ;Felgenpflege;Planungshypothese;https://www.powertech-performance.com/#leistungen;https://www.powertech-performance.com/blog/felgenversiegelung-pflege/;;P3;beobachten;nicht umgesetzt;"Kein Nachfragebeleg und keine produktspezifischen Pflegeangaben; kein zusätzlicher generischer Ratgeber.";;keine Nachfrage-/Produktdaten vorhanden;;;keine Datei erstellt
