Quellseite;Zielseite;Status;Begründung
https://www.powertech-performance.com/blog/harte-und-weiche-autolacke-der-geheime-schlssel-zur-perfekten-lackaufbereitung/;https://www.powertech-performance.com/blog/harte-weiche-autolacke-lackaufbereitung/;umgesetzt;Passender Inhaltslink vorhanden
https://www.powertech-performance.com/blog/harte-und-weiche-autolacke-der-geheime-schlssel-zur-perfekten-lackaufbereitung-2/;https://www.powertech-performance.com/blog/harte-weiche-autolacke-lackaufbereitung/;umgesetzt;Passender Inhaltslink vorhanden
https://www.powertech-performance.com/blog/chiptuning-raum-erfurt/;https://www.powertech-performance.com/chiptuning;umgesetzt;Passender Inhaltslink vorhanden
https://www.powertech-performance.com/blog/chiptuning-raumerfurt/;https://www.powertech-performance.com/chiptuning;umgesetzt;Passender Inhaltslink vorhanden
https://www.powertech-performance.com/blog/softwareoptimierung-erfurt/;https://www.powertech-performance.com/chiptuning;umgesetzt;Passender Inhaltslink vorhanden
https://www.powertech-performance.com/blog/professionelle-keramikversiegelung-erfurt/;https://www.powertech-performance.com/luxus-aufbereitung;umgesetzt;Passender Inhaltslink vorhanden
https://www.powertech-performance.com/blog/profi-keramikversiegelung/;https://www.powertech-performance.com/luxus-aufbereitung;umgesetzt;Passender Inhaltslink vorhanden
https://www.powertech-performance.com/blog/keramikversiegelung-profi-lackschutz/;https://www.powertech-performance.com/luxus-aufbereitung;umgesetzt;Passender Inhaltslink vorhanden
https://www.powertech-performance.com/blog/keramikversiegelung-erfurt-high-end-lackschutz-powertech-performance/;https://www.powertech-performance.com/luxus-aufbereitung;umgesetzt;Passender Inhaltslink vorhanden
https://www.powertech-performance.com/blog/keramik-fuer-auto-erfurt-vorteile-haltbarkeit/;https://www.powertech-performance.com/luxus-aufbereitung;umgesetzt;Passender Inhaltslink vorhanden
https://www.powertech-performance.com/blog/blog-keramikversiegelung/;https://www.powertech-performance.com/luxus-aufbereitung;umgesetzt;Passender Inhaltslink vorhanden
https://www.powertech-performance.com/blog/professionelle-innenreinigung-auto-in-der-naehe/;https://www.powertech-performance.com/blog/innenreinigung-auto-in-der-naehe/;umgesetzt;Passender Inhaltslink vorhanden
https://www.powertech-performance.com/ads;https://www.powertech-performance.com/;umgesetzt;Passender Inhaltslink vorhanden
https://www.powertech-performance.com/fahrzeugaufbereitung-aus-erfurt;https://www.powertech-performance.com/;umgesetzt;Passender Inhaltslink vorhanden
https://www.powertech-performance.com/blog/fahrzeugaufbereitung-erfurt/;https://www.powertech-performance.com/;umgesetzt;Passender Inhaltslink vorhanden
https://www.powertech-performance.com/blog/leasingauto-aufbereiten/;https://www.powertech-performance.com/blog/leasing-rueckgabe-aufbereitung-erfurt/;umgesetzt;Passender Inhaltslink vorhanden
https://www.powertech-performance.com/blog/adblue-deaktivierung/;https://www.powertech-performance.com/adblue-service;umgesetzt;Passender Inhaltslink vorhanden
https://www.powertech-performance.com/blog/adblue-deaktivieren-vor-nachteile-wahrheit/;https://www.powertech-performance.com/adblue-service;umgesetzt;Passender Inhaltslink vorhanden
https://www.powertech-performance.com/blog/wie-lange-dauert-adblue-off/;https://www.powertech-performance.com/adblue-service;umgesetzt;Passender Inhaltslink vorhanden
https://www.powertech-performance.com/;https://www.powertech-performance.com/luxus-aufbereitung;umgesetzt;Passender Inhaltslink vorhanden
https://www.powertech-performance.com/;https://www.powertech-performance.com/chiptuning;umgesetzt;Passender Inhaltslink vorhanden
https://www.powertech-performance.com/;https://www.powertech-performance.com/adblue-service;umgesetzt;Passender Inhaltslink vorhanden
https://www.powertech-performance.com/;https://www.powertech-performance.com/blog/innenreinigung-auto-in-der-naehe/;umgesetzt;Passender Inhaltslink vorhanden
https://www.powertech-performance.com/;https://www.powertech-performance.com/blog/motorwaesche-erfurt-vorteile-kosten/;umgesetzt;Passender Inhaltslink vorhanden
https://www.powertech-performance.com/;https://www.powertech-performance.com/blog/lackkorrektur-wofuer-gut-werterhalt/;umgesetzt;Passender Inhaltslink vorhanden
https://www.powertech-performance.com/;https://www.powertech-performance.com/blog/leasing-rueckgabe-aufbereitung-erfurt/;umgesetzt;Passender Inhaltslink vorhanden
https://www.powertech-performance.com/;https://www.powertech-performance.com/online-termin-buchen;umgesetzt;Passender Inhaltslink vorhanden
https://www.powertech-performance.com/;https://www.powertech-performance.com/eisenach;umgesetzt;Passender Inhaltslink vorhanden
https://www.powertech-performance.com/;https://www.powertech-performance.com/gera;umgesetzt;Passender Inhaltslink vorhanden
https://www.powertech-performance.com/;https://www.powertech-performance.com/gotha;umgesetzt;Passender Inhaltslink vorhanden
https://www.powertech-performance.com/;https://www.powertech-performance.com/jena;umgesetzt;Passender Inhaltslink vorhanden
https://www.powertech-performance.com/;https://www.powertech-performance.com/nordhausen;umgesetzt;Passender Inhaltslink vorhanden
https://www.powertech-performance.com/;https://www.powertech-performance.com/suhl;umgesetzt;Passender Inhaltslink vorhanden
https://www.powertech-performance.com/luxus-aufbereitung;https://www.powertech-performance.com/blog/haltbarkeit-keramikversiegelung-lackschutz/;umgesetzt;Passender Inhaltslink vorhanden
https://www.powertech-performance.com/blog/haltbarkeit-keramikversiegelung-lackschutz/;https://www.powertech-performance.com/luxus-aufbereitung;umgesetzt;Passender Inhaltslink vorhanden
https://www.powertech-performance.com/blog/was-kostet-eine-auto-reinigung/;https://www.powertech-performance.com/blog/innenreinigung-auto-in-der-naehe/;umgesetzt;Passender Inhaltslink vorhanden
https://www.powertech-performance.com/blog/leasingrueckgabe-checkliste/;https://www.powertech-performance.com/blog/leasing-rueckgabe-aufbereitung-erfurt/;umgesetzt;Passender Inhaltslink vorhanden
https://www.powertech-performance.com/blog/lackkorrektur-wofuer-gut-werterhalt/;https://www.powertech-performance.com/blog/1-step-2-step-oder-lackkorrektur-lackaufbereitung-im-vergleich/;umgesetzt;Passender Inhaltslink vorhanden
https://www.powertech-performance.com/blog/1-step-2-step-oder-lackkorrektur-lackaufbereitung-im-vergleich/;https://www.powertech-performance.com/blog/harte-weiche-autolacke-lackaufbereitung/;umgesetzt;Passender Inhaltslink vorhanden
https://www.powertech-performance.com/blog/auto-selber-waschen-erfurt/;https://www.powertech-performance.com/;umgesetzt;Passender Inhaltslink vorhanden
https://www.powertech-performance.com/;https://www.powertech-performance.com/trockeneisreinigung;umgesetzt;Passender Inhaltslink vorhanden
https://www.powertech-performance.com/blog/motorwaesche-erfurt-vorteile-kosten/;https://www.powertech-performance.com/trockeneisreinigung;umgesetzt;Passender Inhaltslink vorhanden
https://www.powertech-performance.com/;https://www.powertech-performance.com/blog/felgenversiegelung-pflege/;nicht umgesetzt;"Kein Nachfragebeleg und keine produktspezifischen Pflegeangaben; kein zusätzlicher generischer Ratgeber."
https://www.powertech-performance.com/luxus-aufbereitung;https://www.powertech-performance.com/blog/felgenversiegelung-pflege/;nicht umgesetzt;"Kein Nachfragebeleg und keine produktspezifischen Pflegeangaben; kein zusätzlicher generischer Ratgeber."
