Die häufigsten Seiten,Impressionen
https://www.powertech-performance.com/adblue-deaktivieren-vor-nachteile-wahrheit/,6095
https://www.powertech-performance.com/,130
https://www.powertech-performance.com/auto-selber-waschen-erfurt/,48
https://www.powertech-performance.com/chiptuning-raum-erfurt/,47
https://www.powertech-performance.com/softwareoptimierung-dpf-off-erfurt/,33
https://www.powertech-performance.com/adblue-deaktivierung/,22
https://www.powertech-performance.com/adblue-deaktivieren/,21
https://www.powertech-performance.com/chiptuning/,17
https://www.powertech-performance.com/blog/wie-oft-auto-aufbereiten-lassen.html,9
https://www.powertech-performance.com/nordhausen/,8
https://www.powertech-performance.com/blog/adblue-deaktivieren-vor-nachteile-wahrheit/,7
https://www.powertech-performance.com/blog/wie-lange-dauert-adblue-off/,6
https://www.powertech-performance.com/blog/boot-aufbereitung-keramikversiegelung-marine/,4
https://www.powertech-performance.com/gotha/,4
https://www.powertech-performance.com/fahrzeugaufbereitung-erfurt/,3
https://www.powertech-performance.com/lackierung-oldtimer-erfurt-lackaufbereitung-keramik/,3
https://www.powertech-performance.com/leasing-rueckgabe-aufbereitung-erfurt/,3
https://www.powertech-performance.com/softwareoptimierung-erfurt/,3
https://www.powertech-performance.com/suhl/,3
https://www.powertech-performance.com/blog/auto-selber-waschen-erfurt/,2
https://www.powertech-performance.com/blog/harte-weiche-autolacke-lackaufbereitung/,2
https://www.powertech-performance.com/blog/motorradaufbereitung-keramikversiegelung-experte/,2
https://www.powertech-performance.com/gera/,2
https://www.powertech-performance.com/oldtimer-aufbereitung-erfurt-wertschonende-pflege/,2
https://www.powertech-performance.com/online-termin-buchen/,2
https://www.powertech-performance.com/professionelle-keramikversiegelung-erfurt/,2
https://www.powertech-performance.com/audi-r8-aufbereitung-erfurt-keramikversiegelung/,1
https://www.powertech-performance.com/blog/,1
https://www.powertech-performance.com/blog/1-step-2-step-oder-lackkorrektur-lackaufbereitung-im-vergleich/,1
https://www.powertech-performance.com/blog/aufbereiter-vs-detailer-unterschied/,1
https://www.powertech-performance.com/blog/haltbarkeit-keramikversiegelung-lackschutz/,1
https://www.powertech-performance.com/blog/harte-und-weiche-autolacke-der-geheime-schlssel-zur-perfekten-lackaufbereitung-2/,1
https://www.powertech-performance.com/blog/harte-und-weiche-autolacke-der-geheime-schlssel-zur-perfekten-lackaufbereitung/,1
https://www.powertech-performance.com/blog/oldtimer-aufbereitung-erfurt-wertschonende-pflege/,1
https://www.powertech-performance.com/boot-aufbereitung-keramikversiegelung-marine/,1
https://www.powertech-performance.com/harte-und-weiche-autolacke-der-geheime-schlssel-zur-perfekten-lackaufbereitung-2/,1
https://www.powertech-performance.com/keramik-fuer-auto-erfurt-vorteile-haltbarkeit/,1
https://www.powertech-performance.com/professionelle-cabrioverdeck-impraegnierung-und-reinigung/,1
https://www.powertech-performance.com/profi-keramikversiegelung/,1