URL;Seitentitel;Thema;Hauptkeyword (vermutet);Meta Description;Indexierbarkeit;Notizen;Dateipfad
https://powertech-performance.com/;Autoaufbereitung Erfurt – Fahrzeugpflege & Werterhalt | Powertech Performance;Startseite / Autoaufbereitung Erfurt Übersicht;Autoaufbereitung Erfurt;"Autoaufbereitung in Erfurt und im Umkreis von 150 km: Lackkorrektur, Keramikversiegelung, Innenraum-Detailing und Fahrzeugpflege von Powertech Performance.";index;Haupt-Landingpage;index.html
https://powertech-performance.com/adblue-service;"AdBlue-Service Erfurt | Diagnose, Reparatur & zulässige Lösungen";AdBlue-Diagnose & Reparatur;AdBlue Service Erfurt;"AdBlue-Fehler bei Pkw, Transporter oder Wohnmobil bis Baujahr 2021? Powertech Performance in Erfurt prüft Diagnose, Reparatur, Rückrüstung und zulässige Sonderanwendungen.";index;;adblue-service.html
https://powertech-performance.com/ads;Autoaufbereiter in Erfurt | Powertech Performance;Ads-Landingpage Autoaufbereiter;Autoaufbereiter Erfurt;Top-Qualität zu fairen Preisen – Termine ohne lange Wartezeit. Professionelle Autoaufbereitung in Erfurt von Benjamin Lemmer.;index;Vermutlich Kampagnen-Landingpage (Google/Meta Ads);ads.html
https://powertech-performance.com/anfrage-danke;Vielen Dank für Ihre Anfrage | Powertech Performance;Danke-Seite nach Formular-Anfrage;-;Ihre Anfrage ist bei Powertech Performance eingegangen. Benjamin Lemmer meldet sich schnellstmöglich bei Ihnen zurück.;noindex;"noindex, kein SEO-Ziel (Conversion-Seite)";anfrage-danke.html
https://powertech-performance.com/chiptuning;Chiptuning & Fahrzeugoptimierung in Erfurt | Powertech Performance;Chiptuning & Fahrzeugoptimierung;Chiptuning Erfurt;"Professionelles Chiptuning in Erfurt: Stage 1 & 2, AdBlue-/AGR-Lösungen und Öldruck-Optimierung von Benjamin Lemmer.";index;Konkurriert thematisch mit /blog/chiptuning-raum-erfurt/ und /blog/chiptuning-raumerfurt/;chiptuning.html
https://powertech-performance.com/eisenach;Autoaufbereitung Eisenach – Fahrzeugpflege & Werterhalt | Powertech Performance;Autoaufbereitung Eisenach (Standort-Landingpage);Autoaufbereitung Eisenach;"Professionelle Autoaufbereitung für Eisenach: Glanz, Schutz und Werterhalt für Ihr Fahrzeug. Jetzt individuelles Angebot sichern.";index;Städte-Cluster (Template-Text wie Gera/Gotha/Jena/Nordhausen/Suhl);eisenach.html
https://powertech-performance.com/fahrzeugaufbereitung-aus-erfurt;Fahrzeugaufbereitung aus Erfurt – Fahrzeugpflege & Werterhalt | Powertech Performance;Fahrzeugaufbereitung Erfurt (Service-Landingpage);Fahrzeugaufbereitung Erfurt;"Professionelle Autoaufbereitung in Erfurt: Glanz, Schutz und Werterhalt für Ihr Fahrzeug. Jetzt individuelles Angebot sichern.";index;Überschneidung mit Startseite und /blog/fahrzeugaufbereitung-erfurt/;fahrzeugaufbereitung-aus-erfurt.html
https://powertech-performance.com/gera;Autoaufbereitung Gera – Fahrzeugpflege & Werterhalt | Powertech Performance;Autoaufbereitung Gera (Standort-Landingpage);Autoaufbereitung Gera;"Professionelle Autoaufbereitung für Gera: Glanz, Schutz und Werterhalt für Ihr Fahrzeug. Jetzt individuelles Angebot sichern.";index;Städte-Cluster;gera.html
https://powertech-performance.com/glosar;Glossar – Autoaufbereitung in Erfurt | Powertech Performance;Glossar: Fachbegriffe Autoaufbereitung;Autoaufbereitung Glossar;"Alle wichtigen Begriffe rund um Autoaufbereitung, Keramikversiegelung und Fahrzeugpflege einfach erklärt.";index;;glosar.html
https://powertech-performance.com/gotha;Autoaufbereitung Gotha – Fahrzeugpflege & Werterhalt | Powertech Performance;Autoaufbereitung Gotha (Standort-Landingpage);Autoaufbereitung Gotha;"Professionelle Autoaufbereitung für Gotha: Glanz, Schutz und Werterhalt für Ihr Fahrzeug. Jetzt individuelles Angebot sichern.";index;Städte-Cluster;gotha.html
https://powertech-performance.com/jena;Autoaufbereitung Jena – Fahrzeugpflege & Werterhalt | Powertech Performance;Autoaufbereitung Jena (Standort-Landingpage);Autoaufbereitung Jena;"Professionelle Autoaufbereitung für Jena: Glanz, Schutz und Werterhalt für Ihr Fahrzeug. Jetzt individuelles Angebot sichern.";index;Städte-Cluster;jena.html
https://powertech-performance.com/luxus-aufbereitung;Keramikversiegelung mit 2 Jahren Garantie in Erfurt | Powertech Performance;Premium-Keramikversiegelung mit Garantie;Keramikversiegelung Erfurt Garantie;Keramikversiegelung mit Garantie – Glanz und Schutz für 2 Jahre. Premium-Autoaufbereitung in Erfurt von Benjamin Lemmer.;index;"Eine von vielen Keramikversiegelungs-Seiten, siehe Notiz-Cluster unten";luxus-aufbereitung.html
https://powertech-performance.com/nordhausen;Autoaufbereitung Nordhausen – Fahrzeugpflege & Werterhalt | Powertech Performance;Autoaufbereitung Nordhausen (Standort-Landingpage);Autoaufbereitung Nordhausen;"Professionelle Autoaufbereitung für Nordhausen: Glanz, Schutz und Werterhalt für Ihr Fahrzeug. Jetzt individuelles Angebot sichern.";index;Städte-Cluster;nordhausen.html
https://powertech-performance.com/online-termin-buchen;Online Termin buchen | Powertech Performance;Terminbuchung;Termin Autoaufbereitung Erfurt;"Besichtigungstermin vor Ort an der Halle in Erfurt buchen – kontaktieren Sie Benjamin Lemmer per Telefon, WhatsApp oder Kontaktformular.";index;;online-termin-buchen.html
https://powertech-performance.com/suhl;Autoaufbereitung Suhl – Fahrzeugpflege & Werterhalt | Powertech Performance;Autoaufbereitung Suhl (Standort-Landingpage);Autoaufbereitung Suhl;"Professionelle Autoaufbereitung für Suhl: Glanz, Schutz und Werterhalt für Ihr Fahrzeug. Jetzt individuelles Angebot sichern.";index;Städte-Cluster;suhl.html
https://powertech-performance.com/pages/agb.html;AGB – Powertech Performance;AGB;-;Allgemeine Geschäftsbedingungen von Powertech Performance.;noindex;"noindex, rechtliche Pflichtseite";pages/agb.html
https://powertech-performance.com/pages/cookie-einstellungen.html;Cookie-Einstellungen – Powertech Performance;Cookie-Einstellungen;-;"Verwalten Sie Ihre Cookie-Einwilligung für Powertech Performance: Notwendig, Statistik, Marketing und externe Medien.";noindex;"noindex, rechtliche Pflichtseite";pages/cookie-einstellungen.html
https://powertech-performance.com/pages/datenschutz.html;Datenschutzerklärung – Powertech Performance;Datenschutzerklärung;-;;noindex;"noindex, rechtliche Pflichtseite; keine Meta Description gesetzt";pages/datenschutz.html
https://powertech-performance.com/pages/impressum.html;Impressum – Powertech Performance;Impressum;-;;noindex;"noindex, rechtliche Pflichtseite; keine Meta Description gesetzt";pages/impressum.html
https://powertech-performance.com/pages/kontakt.html;Kontakt – Powertech Performance | Autoaufbereitung Erfurt;Kontaktseite;Kontakt Autoaufbereitung Erfurt;"Kontaktieren Sie Powertech Performance in Erfurt: Rufen Sie an, schreiben Sie uns eine E-Mail oder senden Sie Ihre Anfrage direkt über unser Kontaktformular.";index;;pages/kontakt.html
https://powertech-performance.com/pages/seitenuebersicht.html;Seitenübersicht – Powertech Performance;Sitemap / Seitenübersicht (HTML);-;Alle Seiten von Powertech Performance auf einen Blick.;noindex;"noindex, interne Navigationsseite";pages/seitenuebersicht.html
https://powertech-performance.com/blog/;Blog – Autoaufbereitung & Fahrzeugpflege | Powertech Performance;Blog-Übersicht;Autoaufbereitung Blog;"Tipps rund um Autoaufbereitung, Keramikversiegelung, Chiptuning und Fahrzeugpflege aus Erfurt – vom IHK-zertifizierten Profi Benjamin Lemmer.";index;;blog/index.html
https://powertech-performance.com/blog/wie-oft-auto-aufbereiten-lassen.html;Wie oft sollte man sein Auto professionell aufbereiten lassen? | Powertech Performance;Empfohlener Rhythmus für Autoaufbereitung;wie oft Auto aufbereiten lassen;"Wie oft lohnt sich eine professionelle Autoaufbereitung wirklich? Benjamin Lemmer erklärt den passenden Rhythmus für Alltagsauto, Zweitwagen und Fahrzeuge vor dem Verkauf.";index;Einziger Blogartikel als flache .html-Datei statt /slug/-Ordner (Inkonsistenz);blog/wie-oft-auto-aufbereiten-lassen.html
https://powertech-performance.com/blog/1-step-2-step-oder-lackkorrektur-lackaufbereitung-im-vergleich/;"1-Step, 2-Step oder Lackkorrektur? Lackaufbereitung im Vergleich | Powertech Performance";1-Step vs. 2-Step Politur vs. Lackkorrektur im Vergleich;Lackaufbereitung im Vergleich;"Was ist der Unterschied zwischen 1-Step Politur, 2-Step Politur und Lackkorrektur? Finde das perfekte Verfahren für maximalen Tiefenglanz und Fahrzeugschutz.";index;;blog/1-step-2-step-oder-lackkorrektur-lackaufbereitung-im-vergleich/index.html
https://powertech-performance.com/blog/1-step-politur-erklaert/;1-Step Politur erklärt – Glanz für den Autolack | Powertech Performance;1-Step Politur erklärt;1-Step Politur;"Was ist eine 1-Step Politur? Jetzt einfach erklärt. Vorteile, Ablauf und wie der Fahrzeuglack sichtbar aufgewertet wird.";index;;blog/1-step-politur-erklaert/index.html
https://powertech-performance.com/blog/adblue-deaktivieren-vor-nachteile-wahrheit/;Adblue deaktivieren vor und nachteile | Powertech Performance;AdBlue deaktivieren: Vor- und Nachteile;AdBlue deaktivieren Vor- und Nachteile;"Schluss mit AdBlue-Fehlern &amp; teuren Reparaturen! Erfahre, warum das Deaktivieren dein Auto rettet. Alle Vor- &amp; Nachteile im Faktencheck. Jetzt Termin in Erfurt sichern!";index;"Thematisch nah an /adblue-service, /blog/adblue-deaktivierung/ und /blog/wie-lange-dauert-adblue-off/";blog/adblue-deaktivieren-vor-nachteile-wahrheit/index.html
https://powertech-performance.com/blog/adblue-deaktivierung/;AdBlue Deaktivierung – professionelle Lösung für Diesel-Fahrzeuge | Powertech Performance;AdBlue-Deaktivierung als Softwarelösung;AdBlue Deaktivierung;"Professionelle AdBlue-Deaktivierung. Dauerhafte Softwarelösung für Diesel-Fahrzeuge – sicher, rückrüstbar &amp; ohne Ausbau.";index;"Thematisch nah an /adblue-service, /blog/adblue-deaktivieren-vor-nachteile-wahrheit/ und /blog/wie-lange-dauert-adblue-off/";blog/adblue-deaktivierung/index.html
https://powertech-performance.com/blog/audi-r8-aufbereitung-erfurt-keramikversiegelung/;Audi R8 Aufbereitung in Erfurt: High-End-Pflege & Werterhalt auf höchstem Niveau | Powertech Performance;Audi R8 Aufbereitung & Keramikversiegelung;Audi R8 Aufbereitung Erfurt;"Profi-Audi R8 Aufbereitung in Erfurt bei PowerTech Performance. Zertifizierte Lackkorrektur &amp; Keramikversiegelung (bis 50.000km Schutz) für maximalen Werterhalt. Erfahren Sie, warum Perfektion bei Benjamin ab 1.000 € beginnt. Jetzt Termin sichern!";index;"Teil der Marken-/Fahrzeugtyp-Reihe (Porsche, Oldtimer, Motorrad, Boot, Flugzeug)";blog/audi-r8-aufbereitung-erfurt-keramikversiegelung/index.html
https://powertech-performance.com/blog/aufbereiter-vs-detailer-unterschied/;Aufbereiter vs. Detailer: Wo liegt der wahre Unterschied für Ihr Fahrzeug? | Powertech Performance;Unterschied Aufbereiter vs. Detailer;Aufbereiter vs. Detailer Unterschied;"Was unterscheidet eine Autoaufbereitung vom professionellen Detailing? Erfahren Sie alles über Lackkorrektur, Keramikversiegelung und den perfekten Schutz.";index;;blog/aufbereiter-vs-detailer-unterschied/index.html
https://powertech-performance.com/blog/auto-selber-waschen-erfurt/;🚗 Auto selber waschen in Erfurt – Hier findest du SB-Waschboxe | Powertech Performance;SB-Waschanlagen in Erfurt (Ratgeber);Auto selber waschen Erfurt;"Entdecke SB-Waschanlagen in Erfurt, um dein Auto selber zu waschen. Mit Google-Maps-Links";index;Enthält Emoji im Title (🚗) – für SERP-Snippet prüfen;blog/auto-selber-waschen-erfurt/index.html
https://powertech-performance.com/blog/blog-keramikversiegelung/;"Keramikversiegelung fürs Auto: Glanz, Schutz & Werterhalt | Powertech Performance";Keramikversiegelung fürs Auto (Ratgeber);Keramikversiegelung Auto;"Stell dir vor, dein Auto sieht auch in drei Jahren noch so aus, als hättest du es gerade frisch abgeholt. Keine stumpfe Farbe, keine ausgeblichenen Stellen";index;"Teil des Keramikversiegelungs-Clusters, siehe Sammelnotiz unten";blog/blog-keramikversiegelung/index.html
https://powertech-performance.com/blog/boot-aufbereitung-keramikversiegelung-marine/;Yacht- & Boot-Versiegelung: Maximaler Schutz gegen Salzwasser & Verwitterung | Powertech Performance;Yacht-/Boot-Versiegelung;Boot Keramikversiegelung;"Schütze dein Boot mit High-End Keramikversiegelung. Schutz vor Salzwasser, Verwitterung und Algen. Benjamin von Powertech Performance macht dein Boot fit für die See.";index;Teil der Marken-/Fahrzeugtyp-Reihe;blog/boot-aufbereitung-keramikversiegelung-marine/index.html
https://powertech-performance.com/blog/chiptuning-raum-erfurt/;Chiptuning Raum Erfurt – Mehr Leistung und Fahrspaß mit PowerTech Performance | Powertech Performance;Chiptuning im Raum Erfurt;Chiptuning Raum Erfurt;"Professionelles Chiptuning in Erfurt: Mehr Leistung, weniger Verbrauch. PowerTech Performance bietet individuelle Motoroptimierung mit Garantie.";index;"DUPLIKAT-VERDACHT: fast identisch zu /blog/chiptuning-raumerfurt/ (gleiches Thema, gleiches Keyword) und zu /chiptuning";blog/chiptuning-raum-erfurt/index.html
https://powertech-performance.com/blog/chiptuning-raumerfurt/;Chiptuning im Raum Erfurt: Entfesseln Sie die wahre Leistung Ihres Fahrzeugs | Powertech Performance;Chiptuning im Raum Erfurt;Chiptuning Raum Erfurt;"Professionelles Chiptuning im Raum Erfurt für Ihr Fahrzeug. Mehr PS, höheres Drehmoment &amp; weniger Verbrauch. Jetzt bei Powertech Performance beraten lassen!";index;"DUPLIKAT-VERDACHT: fast identisch zu /blog/chiptuning-raum-erfurt/ (gleiches Thema, gleiches Keyword) und zu /chiptuning";blog/chiptuning-raumerfurt/index.html
https://powertech-performance.com/blog/fahrzeugaufbereitung-erfurt/;Fahrzeugaufbereitung Erfurt: Glänzendes Auto mit PowerTech Performance | Powertech Performance;Fahrzeugaufbereitung Erfurt (Ratgeber);Fahrzeugaufbereitung Erfurt;Entdecke professionelle Fahrzeugaufbereitung Erfurt mit Keramikversiegelung. Jetzt Termin bei PowerTech Performance sichern!;index;Überschneidung mit /fahrzeugaufbereitung-aus-erfurt und Startseite;blog/fahrzeugaufbereitung-erfurt/index.html
https://powertech-performance.com/blog/flugzeugaufbereitung-innenreinigung-erfurt/;Flugzeugaufbereitung & Innenreinigung Erfurt | PowerTech Performance | Powertech Performance;Flugzeugaufbereitung & Innenreinigung;Flugzeugaufbereitung Erfurt;"Professionelle Flugzeugaufbereitung in Erfurt. PowerTech Performance bietet Flugzeuginnenreinigung &amp; Außenpflege für Werterhalt und Glanz. Jetzt Termin anfragen!";index;Teil der Marken-/Fahrzeugtyp-Reihe;blog/flugzeugaufbereitung-innenreinigung-erfurt/index.html
https://powertech-performance.com/blog/haltbarkeit-keramikversiegelung-lackschutz/;Haltbarkeit einer Keramikversiegelung: Wie lange hält der Lackschutz wirklich? | Powertech Performance;Haltbarkeit einer Keramikversiegelung;Haltbarkeit Keramikversiegelung;"Wie lange hält eine Keramikversiegelung auf dem Auto? Erfahren Sie alle Faktoren, reale Standzeiten und wie Sie den Premium-Schutz maximal verlängern.";index;Teil des Keramikversiegelungs-Clusters;blog/haltbarkeit-keramikversiegelung-lackschutz/index.html
https://powertech-performance.com/blog/harte-und-weiche-autolacke-der-geheime-schlssel-zur-perfekten-lackaufbereitung/;Harte und weiche Autolacke: Der geheime Schlüssel zur perfekten Lackaufbereitung | Powertech Performance;Harte und weiche Autolacke;harte und weiche Autolacke;"Welche Autolacke sind hart, welche weich? Erfahren Sie, wie Automarken sich unterscheiden und warum die richtige Lackhärte über den perfekten Schutz entscheidet.";index;"DUPLIKAT: identischer Title/Description wie die -2/ Variante und /blog/harte-weiche-autolacke-lackaufbereitung/ (3 Seiten, ein Thema) – Slug enthält Tippfehler ""schlssel""";blog/harte-und-weiche-autolacke-der-geheime-schlssel-zur-perfekten-lackaufbereitung/index.html
https://powertech-performance.com/blog/harte-und-weiche-autolacke-der-geheime-schlssel-zur-perfekten-lackaufbereitung-2/;Harte und weiche Autolacke: Der geheime Schlüssel zur perfekten Lackaufbereitung | Powertech Performance;Harte und weiche Autolacke;harte und weiche Autolacke;"Welche Autolacke sind hart, welche weich? Erfahren Sie, wie Automarken sich unterscheiden und warum die richtige Lackhärte über den perfekten Schutz entscheidet.";index;DUPLIKAT: identischer Title/Description wie obige Variante und /blog/harte-weiche-autolacke-lackaufbereitung/ – sollte zusammengeführt/redirected werden;blog/harte-und-weiche-autolacke-der-geheime-schlssel-zur-perfekten-lackaufbereitung-2/index.html
https://powertech-performance.com/blog/harte-weiche-autolacke-lackaufbereitung/;Harte und weiche Autolacke: Der geheime Schlüssel zur perfekten Lackaufbereitung | Powertech Performance;Harte und weiche Autolacke;harte und weiche Autolacke;"Welche Autolacke sind hart, welche weich? Erfahren Sie, wie Automarken sich unterscheiden und warum die richtige Lackhärte über den perfekten Schutz entscheidet.";index;DUPLIKAT: gleicher Title/Description wie die beiden anderen Varianten oben;blog/harte-weiche-autolacke-lackaufbereitung/index.html
https://powertech-performance.com/blog/innenreinigung-auto-in-der-naehe/;Professionelle Innenreinigung Auto in der Nähe bei PowerTech Performance | Powertech Performance;Innenreinigung Auto in der Nähe;Innenreinigung Auto in der Nähe;Finde deine Innenreinigung Auto in der Nähe bei PowerTech Performance für erstklassige Pflege und Werterhalt deines Fahrzeugs.;index;"Sehr nah an /blog/professionelle-innenreinigung-auto-in-der-naehe/ (gleiches Keyword, ähnlicher Title)";blog/innenreinigung-auto-in-der-naehe/index.html
https://powertech-performance.com/blog/keramik-fuer-auto-erfurt-vorteile-haltbarkeit/;Keramik für Auto in Erfurt | Bis 50.000km Schutz & Glanz | Powertech Performance;Keramik für Auto: Vorteile & Haltbarkeit;Keramik für Auto Erfurt;"Was bringt eine Keramik für das Auto? Benjamin von PowerTech Performance Erfurt erklärt Vorteile, Kosten und den Schutz bis 50.000km. Qualität ab 1.000 €.";index;Teil des Keramikversiegelungs-Clusters;blog/keramik-fuer-auto-erfurt-vorteile-haltbarkeit/index.html
https://powertech-performance.com/blog/keramikversiegelung-erfurt-high-end-lackschutz-powertech-performance/;Keramikversiegelung in Erfurt: Exklusiver Lackschutz für maximalen Glanz | Powertech Performance;Keramikversiegelung Erfurt – High-End-Lackschutz;Keramikversiegelung Erfurt;"Dauerhafter Schutz &amp; extremer Tiefenglanz für Ihr Auto. Entdecken Sie die professionelle Keramikversiegelung in Erfurt bei PowerTech Performance. Jetzt anfragen!";index;Teil des Keramikversiegelungs-Clusters;blog/keramikversiegelung-erfurt-high-end-lackschutz-powertech-performance/index.html
https://powertech-performance.com/blog/keramikversiegelung-profi-lackschutz/;Keramikversiegelung vom Profi: Warum dein Fahrzeug mehr verdient als nur Standard-Pflege | Powertech Performance;Keramikversiegelung vom Profi;Keramikversiegelung Profi;"Schütze dein Fahrzeug mit einer professionellen Keramikversiegelung von Powertech Performance. Benjamin erklärt die Vorteile von Lackschutz, Glanz und Werterhalt. Jetzt beraten lassen!";index;Teil des Keramikversiegelungs-Clusters;blog/keramikversiegelung-profi-lackschutz/index.html
https://powertech-performance.com/blog/lackierung-oldtimer-erfurt-lackaufbereitung-keramik/;Was Ihr Oldtimer Ihnen verschweigt: Warum eine einfache Politur Ihren Klassiker ruinieren kann | Powertech Performance;Oldtimer-Lackpflege: Warum Politur den Lack ruinieren kann;Lackierung Oldtimer Erfurt;"Lackierung Oldtimer Erfurt, Lackaufbereitung Erfurt, Oldtimer Restauration Lack, Keramikversiegelung Oldtimer, PowerTech Performance, Autopflege Erfurt Klassiker, Werterhalt Oldtimer Thüringen";index;"Einzige Seite mit gesetztem Meta-Keywords-Tag (Keyword-Stuffing-Stil, sollte überarbeitet werden)";blog/lackierung-oldtimer-erfurt-lackaufbereitung-keramik/index.html
https://powertech-performance.com/blog/lackkorrektur-wofuer-gut-werterhalt/;Lackkorrektur: Wofür ist das gut? | PowerTech Performance | Powertech Performance;Wofür ist eine Lackkorrektur gut;Lackkorrektur;"Was bringt eine professionelle Lackkorrektur wirklich? Erfahren Sie alles über maximalen Tiefenglanz, Kratzerentfernung, Werterhalt und perfekten Lackschutz.";index;;blog/lackkorrektur-wofuer-gut-werterhalt/index.html
https://powertech-performance.com/blog/leasing-rueckgabe-aufbereitung-erfurt/;Leasing-Rückgabe: So vermeiden Sie hohe Nachzahlungen | Powertech Performance;Leasing-Rückgabe: Nachzahlungen vermeiden;Leasing-Rückgabe Aufbereitung;"Hohe Nachzahlung bei Leasingrückgabe vermeiden? PowerTech Performance in Erfurt bereitet Ihr Auto professionell auf. Jetzt Termin vereinbaren &amp; Geld sparen!";index;Leasing-Cluster mit /blog/leasingauto-aufbereiten/ und /blog/leasingrueckgabe-checkliste/ (3 sehr ähnliche Themen);blog/leasing-rueckgabe-aufbereitung-erfurt/index.html
https://powertech-performance.com/blog/leasingauto-aufbereiten/;Leasingauto zurückgeben – warum sich eine professionelle Aufbereitung wirklich lohnt | Powertech Performance;Leasingauto zurückgeben – Aufbereitung lohnt sich;Leasingauto aufbereiten;Leasingauto zurückgeben? Mit professioneller Aufbereitung vermeiden Sie teure Nachzahlungen bei der Leasingrückgabe. Jetzt informieren.;index;"Leasing-Cluster, siehe oben";blog/leasingauto-aufbereiten/index.html
https://powertech-performance.com/blog/leasingrueckgabe-checkliste/;Leasingrückgabe Checkliste – So vermeiden Sie unnötige Kosten | Powertech Performance;Checkliste für die Leasingrückgabe;Leasingrückgabe Checkliste;Leasingrückgabe leicht gemacht: Mit dieser Checkliste vermeiden Sie unnötige Kosten und geben Ihr Fahrzeug stressfrei zurück. Jetzt vorbereiten!;index;"Leasing-Cluster, siehe oben";blog/leasingrueckgabe-checkliste/index.html
https://powertech-performance.com/blog/motorradaufbereitung-keramikversiegelung-experte/;Motorradaufbereitung & Keramikschutz | Powertech Performance Benjamin | Powertech Performance;Motorradaufbereitung & Keramikschutz;Motorradaufbereitung Keramikversiegelung;"Bring dein Bike zum Strahlen! Benjamin von Powertech Performance bietet High-End Motorradaufbereitung, Lackkorrektur und Langzeit-Keramikversiegelung. Jetzt Termin anfragen!";index;Teil der Marken-/Fahrzeugtyp-Reihe;blog/motorradaufbereitung-keramikversiegelung-experte/index.html
https://powertech-performance.com/blog/motorwaesche-erfurt-vorteile-kosten/;Motorwäsche | Powertech Performance;Motorwäsche: Vorteile & Kosten;Motorwäsche Erfurt;"Gönnen Sie Ihrem Motor Profi-Pflege bei PowerTech Performance Erfurt. Schutz vor Korrosion, Werterhalt &amp; saubere Technik. Jetzt Termin vereinbaren!";index;;blog/motorwaesche-erfurt-vorteile-kosten/index.html
https://powertech-performance.com/blog/oldtimer-aufbereitung-erfurt-wertschonende-pflege/;Oldtimer Aufbereitung Erfurt | Werterhalt & High-End Pflege | Powertech Performance;Oldtimer-Aufbereitung: Werterhalt & Pflege;Oldtimer Aufbereitung Erfurt;"Exklusive Oldtimer-Aufbereitung in Erfurt bei PowerTech Performance. Benjamin bewahrt die Patina &amp; schützt den Originallack Ihres Klassikers. Werterhalt &amp; Keramikschutz bis 50.000km ab 1.000 €. Jetzt anfragen!";index;"Teil der Marken-/Fahrzeugtyp-Reihe; thematisch nah an /blog/lackierung-oldtimer-erfurt-lackaufbereitung-keramik/";blog/oldtimer-aufbereitung-erfurt-wertschonende-pflege/index.html
https://powertech-performance.com/blog/porsche-aufbereitung-erfurt-keramikversiegelung-zertifiziert/;Porsche Aufbereitung in Erfurt: Werterhalt & Perfektion für Ihren Sportwagen | Powertech Performance;Porsche Aufbereitung: Werterhalt & Perfektion;Porsche Aufbereitung Erfurt;"Exklusive Porsche Aufbereitung in Erfurt bei PowerTech Performance. Benjamin ist Ihr zertifizierter Profi für 911, Taycan &amp; Co. Lackkorrektur &amp; Keramikschutz bis 50.000km. Werterhalt ab 1.000 €. Hier informieren!";index;Teil der Marken-/Fahrzeugtyp-Reihe;blog/porsche-aufbereitung-erfurt-keramikversiegelung-zertifiziert/index.html
https://powertech-performance.com/blog/professionelle-cabrioverdeck-impraegnierung-und-reinigung/;Professionelle Cabrioverdeck Imprägnierung & Reinigung | Powertech Performance | Powertech Performance;Cabrioverdeck Imprägnierung & Reinigung;Cabrioverdeck Imprägnierung;"Verlängern Sie die Lebensdauer Ihres Cabriodachs. Wir bieten fachgerechte Tiefenreinigung &amp; High-End-Imprägnierung mit extremem Abperleffekt &amp; UV-Schutz. Jetzt Termin sichern!";index;;blog/professionelle-cabrioverdeck-impraegnierung-und-reinigung/index.html
https://powertech-performance.com/blog/professionelle-innenreinigung-auto-in-der-naehe/;Professionelle Innenreinigung Auto in der Nähe | Powertech Performance;Professionelle Innenreinigung Auto in der Nähe;Innenreinigung Auto in der Nähe;"Entdecken Sie die Vorteile einer professionellen Innenreinigung Auto in der Nähe. Saubere Sitze, frischer Duft und Werterhalt für Ihr Fahrzeug.";index;Sehr nah an /blog/innenreinigung-auto-in-der-naehe/ (siehe dort);blog/professionelle-innenreinigung-auto-in-der-naehe/index.html
https://powertech-performance.com/blog/professionelle-keramikversiegelung-erfurt/;Professionelle Keramikversiegelung – Maximaler Schutz für dein Fahrzeug | Powertech Performance;Professionelle Keramikversiegelung mit Garantie;Professionelle Keramikversiegelung;"Professionelle Keramikversiegelung mit 2 Jahren oder 50.000 km Garantie. Maximaler Lackschutz, extremer Glanz. Jetzt Termin sichern";index;"Teil des Keramikversiegelungs-Clusters; inhaltlich nah an /luxus-aufbereitung";blog/professionelle-keramikversiegelung-erfurt/index.html
https://powertech-performance.com/blog/profi-keramikversiegelung/;Profi Keramikversiegelung – der ultimative Lackschutz für dein Fahrzeug | Powertech Performance;Profi-Keramikversiegelung als Lackschutz;Profi Keramikversiegelung;"Profi Keramikversiegelung schützt dein Auto langfristig vor Kratzern, UV-Strahlung &amp; Schmutz. PowerTech Performance – Perfektion für deinen Lack.";index;Teil des Keramikversiegelungs-Clusters;blog/profi-keramikversiegelung/index.html
https://powertech-performance.com/blog/softwareoptimierung-dpf-off-erfurt/;Professionelle Softwareoptimierung & DPF-Management | Powertech Performance;Softwareoptimierung & DPF-Management;DPF Off Erfurt;"Professionelle Kennfeldoptimierung, Stage 1+2 &amp; DPF Off in Erfurt. Benjamin Lemmer: Maximale Leistung &amp; softwareseitige Deaktivierung für Motorsport &amp; Export.";index;Thematisch nah an /chiptuning und /blog/softwareoptimierung-erfurt/;blog/softwareoptimierung-dpf-off-erfurt/index.html
https://powertech-performance.com/blog/softwareoptimierung-erfurt/;Softwareoptimierung Erfurt: Mehr Leistung und Effizienz für dein Fahrzeug | Powertech Performance;Softwareoptimierung: Mehr Leistung & Effizienz;Softwareoptimierung Erfurt;"Entdecke die Vorteile der Softwareoptimierung Erfurt für mehr Leistung, Effizienz und Fahrspaß. Jetzt Termin zur Optimierung sichern!";index;Thematisch nah an /chiptuning und /blog/softwareoptimierung-dpf-off-erfurt/;blog/softwareoptimierung-erfurt/index.html
https://powertech-performance.com/blog/was-kostet-eine-auto-reinigung/;Was kostet eine Auto Innenreinigung? | Powertech Performance;Kosten einer Auto-Innenreinigung;was kostet Auto Innenreinigung;"Eine Auto Innenreinigung ist mehr als nur Sauberkeit – sie ist Werterhalt, Pflege und Komfort. Erfahre, warum hochwertige Aufbereitung keine Standardpreise kennt und jedes Fahrzeug ein individuelles Konzept verdient.";index;;blog/was-kostet-eine-auto-reinigung/index.html
https://powertech-performance.com/blog/wie-lange-dauert-adblue-off/;AdBlue Probleme dauerhaft lösen: Ablauf und Dauer der Software-Optimierung | Powertech Performance;Dauer der AdBlue-Deaktivierung;wie lange dauert AdBlue Off;"Wie lange dauert eine AdBlue Deaktivierung? ⏱️ Erfahre alles über den Ablauf, die Zeitspanne von nur 1–2 Stunden und wie du Fehlermeldungen dauerhaft stoppst.";index;Thematisch nah am AdBlue-Cluster (siehe oben);blog/wie-lange-dauert-adblue-off/index.html